Won,Lost,Draw,GF,GA,Points,PPM,Foreign playing time %
24,6,8,79,31,80,2.1052631578947367,48.349834983498354
20,8,10,63,38,70,1.8421052631578947,63.96120333608676
20,9,9,71,39,69,1.8157894736842106,61.22519828023607
20,10,8,64,43,68,1.7894736842105263,53.84594818597439
20,12,6,57,42,66,1.736842105263158,36.860304287690184
17,11,10,68,45,61,1.605263157894737,77.87176134695947
15,11,12,46,41,57,1.5,57.00288338316959
13,10,15,46,43,54,1.4210526315789473,27.683856860967417
14,14,10,50,57,52,1.368421052631579,56.64707453913973
14,14,10,40,48,52,1.368421052631579,46.72882258923814
14,15,9,44,50,51,1.3421052631578947,70.8104212268432
13,15,10,47,54,49,1.2894736842105263,46.49700199866756
14,18,6,39,51,48,1.263157894736842,53.66250968034822
9,14,15,44,44,42,1.105263157894737,51.3110416165504
10,16,12,45,50,42,1.105263157894737,50.56392481002533
11,18,9,45,59,42,1.105263157894737,55.064962783128344
10,16,12,37,59,42,1.105263157894737,70.93172005756622
8,20,10,41,65,34,0.8947368421052632,66.32089810938375
8,20,10,36,63,34,0.8947368421052632,58.27823397675162
5,22,11,30,70,26,0.6842105263157895,49.299518834569476
26,3,9,79,36,87,2.289473684210526,60.06954660960279
24,6,8,67,30,80,2.1052631578947367,61.326865154463306
24,9,5,87,45,77,2.026315789473684,62.538963633941655
21,9,8,74,52,71,1.868421052631579,74.71671011331595
18,8,12,53,37,66,1.736842105263158,46.83249437720895
17,8,13,66,38,64,1.6842105263157894,77.22362981730898
15,15,8,48,57,53,1.394736842105263,54.68487450990852
12,12,14,46,47,50,1.3157894736842106,63.75006667022242
14,16,8,49,53,50,1.3157894736842106,50.747666051413745
12,16,10,55,51,46,1.2105263157894737,63.80581072420423
12,17,9,46,54,45,1.1842105263157894,50.95352564102564
12,17,9,35,47,45,1.1842105263157894,46.791887408358754
10,14,14,36,44,44,1.1578947368421053,82.0519660673318
10,14,14,38,49,44,1.1578947368421053,50.95626588203825
11,17,10,45,57,43,1.131578947368421,60.55462140016547
9,16,13,44,62,40,1.0526315789473684,50.668923275306256
10,18,10,29,51,40,1.0526315789473684,60.72275039279913
9,20,9,41,64,36,0.9473684210526315,44.14746052069995
8,24,6,33,63,30,0.7894736842105263,59.5392842451666
5,20,13,30,64,28,0.7368421052631579,48.91342118628211
25,5,8,74,34,83,2.1842105263157894,61.85169423905526
23,6,9,85,42,78,2.0526315789473686,66.17336716976092
21,11,6,63,48,69,1.8157894736842106,66.82080615845183
19,9,10,68,38,67,1.763157894736842,75.81122516997733
18,10,10,61,41,64,1.6842105263157894,60.62004749072864
16,10,12,52,43,60,1.5789473684210527,57.24204229865414
17,13,8,48,49,59,1.5526315789473684,55.26336887677383
13,12,13,43,46,52,1.368421052631579,56.20970749640365
15,17,6,47,54,51,1.3421052631578947,78.78911011783828
14,16,8,51,62,50,1.3157894736842106,61.81560055716275
13,15,10,48,44,49,1.2894736842105263,58.94661086973905
14,17,7,45,56,49,1.2894736842105263,54.541808166430464
13,16,9,41,49,48,1.263157894736842,71.2920448478377
13,16,9,41,50,48,1.263157894736842,80.5489419758701
14,19,5,58,57,47,1.236842105263158,52.90908123070371
12,17,9,42,47,45,1.1842105263157894,66.9842540699226
10,14,14,41,51,44,1.1578947368421053,74.95323606434717
10,16,12,42,59,42,1.105263157894737,36.20187555104331
6,24,8,29,65,26,0.6842105263157895,50.38331062852258
4,27,7,21,65,19,0.5,53.09899226249036
26,0,12,73,26,90,2.3684210526315788,79.15578532217663
24,7,7,67,30,79,2.0789473684210527,65.04676373684771
23,9,6,64,35,75,1.9736842105263157,68.95459626337362
16,10,12,55,37,60,1.5789473684210527,66.49114408808042
13,8,17,52,40,56,1.4736842105263157,59.57310394571634
15,12,11,48,44,56,1.4736842105263157,60.220037827326244
14,13,11,51,51,53,1.394736842105263,63.59908398572722
14,13,11,48,56,53,1.394736842105263,66.30859634661917
14,14,10,52,46,52,1.368421052631579,76.15664990555246
12,12,14,43,48,50,1.3157894736842106,63.62034441329596
13,16,9,44,52,48,1.263157894736842,61.039478931277415
12,15,11,44,45,47,1.236842105263158,59.16025453286829
12,17,9,47,54,45,1.1842105263157894,74.52088386598076
13,19,6,47,57,45,1.1842105263157894,56.388297872340424
12,18,8,51,59,44,1.1578947368421053,64.6810894443407
9,15,14,55,54,41,1.0789473684210527,63.562569862138716
9,17,12,45,57,39,1.0263157894736843,57.691385328679154
6,17,15,48,65,33,0.868421052631579,44.52102366832292
8,21,9,40,79,33,0.868421052631579,48.81253831596343
7,19,12,38,77,33,0.868421052631579,65.93853931089531
29,1,8,72,15,95,2.5,71.66803702623133
25,5,8,87,36,83,2.1842105263157894,87.2914504669913
22,5,11,58,26,77,2.026315789473684,62.07557721498762
18,13,7,45,46,61,1.605263157894737,57.35176388963015
17,14,7,52,41,58,1.5263157894736843,76.7812483371468
16,12,10,49,44,58,1.5263157894736843,76.9496939047112
14,11,13,53,46,55,1.4473684210526316,59.134231404078584
13,12,13,47,39,52,1.368421052631579,52.689545091779735
14,14,10,47,41,52,1.368421052631579,53.14960629921261
12,15,11,45,52,47,1.236842105263158,67.76914480336332
12,16,10,42,58,46,1.2105263157894737,57.34878763655742
11,15,12,40,46,45,1.1842105263157894,59.07903156996587
12,18,8,52,60,44,1.1578947368421053,73.96886535066602
10,14,14,47,57,44,1.1578947368421053,55.76011083284489
9,14,15,32,43,42,1.105263157894737,75.40602006688964
10,19,9,43,59,39,1.0263157894736843,64.7497139207494
6,16,16,36,61,34,0.8947368421052632,41.22703972661256
7,19,12,41,62,33,0.868421052631579,52.4811909716664
7,19,12,42,77,33,0.868421052631579,34.51676000107178
6,18,14,45,66,32,0.8421052631578947,65.16943734015345
29,5,4,72,22,91,2.3947368421052633,72.86190793862575
25,5,8,72,34,83,2.1842105263157894,62.0736444420795
25,6,7,57,25,82,2.1578947368421053,72.80970796106148
20,11,7,68,31,67,1.763157894736842,92.69616581965249
18,9,11,53,38,65,1.7105263157894737,44.7861105184553
19,13,6,51,42,63,1.6578947368421053,82.11297350763226
17,14,7,47,42,58,1.5263157894736843,56.859181655397286
15,12,11,49,41,56,1.4736842105263157,79.3113557018362
16,15,7,52,55,55,1.4473684210526316,38.753127828355424
15,17,6,45,52,51,1.3421052631578947,71.23006894348764
14,16,8,34,49,50,1.3157894736842106,57.84709055465057
14,18,6,48,58,48,1.263157894736842,80.45371036025242
13,17,8,41,55,47,1.236842105263158,47.574289061667905
12,17,9,48,58,45,1.1842105263157894,61.65517608539409
13,21,4,43,48,43,1.131578947368421,48.86342438374417
10,16,12,42,55,42,1.105263157894737,55.92624173950117
10,20,8,37,62,38,1.0,66.28194558944766
8,20,10,28,50,34,0.8947368421052632,50.62299465240642
7,22,9,31,58,30,0.7894736842105263,37.57294747781597
3,29,6,26,69,15,0.39473684210526316,64.39412125576806
28,5,5,83,27,89,2.3421052631578947,57.50904062965326
24,3,11,64,24,83,2.1842105263157894,71.04013235137154
20,10,8,57,27,68,1.7894736842105263,72.80435938330675
19,8,11,63,35,68,1.7894736842105263,98.29274148371435
17,12,9,57,54,60,1.5789473684210527,51.70218433670751
15,10,13,52,36,58,1.5263157894736843,54.22559595152484
16,14,8,47,52,56,1.4736842105263157,78.25045256096263
16,15,7,52,47,55,1.4473684210526316,60.32507327471356
14,12,12,45,42,54,1.4210526315789473,43.88959795788131
15,16,7,52,54,52,1.368421052631579,80.17172417471068
11,10,17,43,41,50,1.3157894736842106,55.27142096860032
12,16,10,44,49,46,1.2105263157894737,60.91063920378945
11,17,10,38,47,43,1.131578947368421,53.76881749029203
11,18,9,29,44,42,1.105263157894737,56.56329029681885
12,21,5,35,59,41,1.0789473684210527,40.5493804180184
8,15,15,38,60,39,1.0263157894736843,68.20775342611849
10,20,8,37,59,38,1.0,62.34220288772051
10,20,8,32,55,38,1.0,54.36955305029184
8,20,10,34,60,34,0.8947368421052632,56.81356294790887
5,20,13,29,59,28,0.7368421052631579,48.97742081327624
27,5,6,80,22,87,2.289473684210526,62.19476473251139
25,3,10,65,26,85,2.236842105263158,68.27048808475436
24,3,11,74,31,83,2.1842105263157894,96.64817876379927
21,4,13,67,28,76,2.0,78.52808091562416
19,11,8,55,33,65,1.7105263157894737,54.266475034600234
16,10,12,71,51,60,1.5789473684210527,40.53585710477206
15,10,13,50,48,58,1.5263157894736843,75.38646696977803
16,13,9,48,40,57,1.5,66.05045150635306
15,13,10,45,53,55,1.4473684210526316,69.15058120934201
13,15,10,42,50,49,1.2894736842105263,40.329579639538906
11,14,13,66,61,46,1.2105263157894737,59.13323401085453
11,17,10,45,65,43,1.131578947368421,56.801807789445704
10,16,12,43,53,42,1.105263157894737,51.57018640146781
10,18,10,34,51,40,1.0526315789473684,63.196946646382145
11,21,6,36,59,39,1.0263157894736843,77.5650923805974
9,19,10,36,54,37,0.9736842105263158,65.55960326534954
8,18,12,38,60,36,0.9473684210526315,78.87556621369572
10,22,6,41,66,36,0.9473684210526315,66.88849689972204
8,19,11,46,62,35,0.9210526315789473,66.00870749752931
1,29,8,20,89,11,0.2894736842105263,63.54249827026452
28,4,6,68,24,90,2.3684210526315788,73.30436173616295
25,2,11,77,27,86,2.263157894736842,83.55352348547277
25,5,8,68,24,83,2.1842105263157894,71.3105139688633
20,6,12,68,37,72,1.894736842105263,95.14912444361524
17,9,12,55,37,63,1.6578947368421053,53.01938468902067
17,10,11,54,48,62,1.631578947368421,32.59515570934256
14,13,11,39,34,53,1.394736842105263,64.17735668281259
14,15,9,45,45,51,1.3421052631578947,52.017614091273025
14,15,9,42,45,51,1.3421052631578947,50.64876121315677
15,18,5,58,50,50,1.3157894736842106,67.13973216667556
12,17,9,34,45,45,1.1842105263157894,63.159718520098096
12,17,9,38,55,45,1.1842105263157894,66.28369893392471
11,19,8,41,53,41,1.0789473684210527,52.66365087812667
10,17,11,38,57,41,1.0789473684210527,47.36113330137935
10,17,11,40,60,41,1.0789473684210527,76.43682763407277
9,20,9,34,54,36,0.9473684210526315,72.39790073793857
8,19,11,39,64,35,0.9210526315789473,59.626651043885815
7,18,13,40,59,34,0.8947368421052632,63.82341937897493
7,20,11,28,57,32,0.8421052631578947,52.42366971011793
8,22,8,36,67,32,0.8421052631578947,66.7926939666649
27,6,5,103,32,86,2.263157894736842,72.25849433710859
27,7,4,86,28,85,2.236842105263158,67.14289522083322
23,9,6,83,41,75,1.9736842105263157,93.24745149184211
21,10,7,67,41,70,1.8421052631578947,58.286743859463186
18,7,13,73,45,67,1.763157894736842,69.10504179311079
17,8,13,52,39,64,1.6842105263157894,48.058691947166594
18,11,9,61,35,63,1.6578947368421053,77.73066666666666
16,9,13,60,49,61,1.605263157894737,68.36997846489245
13,14,11,38,47,50,1.3157894736842106,47.413150042625745
13,14,11,41,55,50,1.3157894736842106,85.2167429971243
11,13,14,34,48,47,1.236842105263158,66.6978584605513
12,16,10,39,46,46,1.2105263157894737,71.79480353529975
11,16,11,48,56,44,1.1578947368421053,56.29955947136563
10,19,9,42,67,39,1.0263157894736843,48.07897545357524
9,18,11,32,56,38,1.0,56.72115410255727
9,20,9,37,79,36,0.9473684210526315,81.32583131116503
8,19,11,47,66,35,0.9210526315789473,52.51928704442671
8,24,6,42,82,30,0.7894736842105263,54.22475258061083
6,20,12,34,75,30,0.7894736842105263,68.39140580992999
7,24,7,34,66,19,0.5,73.77870118800277
23,4,11,78,37,80,2.1052631578947367,75.0
21,9,8,69,33,71,1.868421052631579,76.79259830377795
21,9,8,60,33,71,1.868421052631579,64.33639176357623
19,8,11,72,43,68,1.7894736842105263,87.47635666142739
16,8,14,55,46,62,1.631578947368421,69.70520816674663
17,14,7,59,44,58,1.5263157894736843,67.93442099379874
13,10,15,51,45,54,1.4210526315789473,63.74983331110815
11,11,16,49,43,49,1.2894736842105263,79.71704385288407
12,14,12,48,59,48,1.263157894736842,44.17150157023474
12,15,11,45,56,47,1.236842105263158,47.41255006675568
12,15,11,56,71,47,1.236842105263158,78.65024446284966
11,14,13,56,57,46,1.2105263157894737,47.701638646520536
13,18,7,46,48,46,1.2105263157894737,65.39546519054716
12,16,10,52,56,46,1.2105263157894737,47.31073838030986
11,17,10,46,59,43,1.131578947368421,80.99299096554114
9,14,15,40,61,42,1.105263157894737,89.0079428540967
11,20,7,46,66,40,1.0526315789473684,61.687048730450535
8,15,15,37,58,39,1.0263157894736843,41.57063593683312
10,19,9,55,78,39,1.0263157894736843,57.60104511037645
7,19,12,43,70,33,0.868421052631579,50.260596713290425
28,5,5,93,29,89,2.3421052631578947,63.71287787987748
28,5,5,89,33,89,2.3421052631578947,55.45323894182147
21,10,7,74,49,70,1.8421052631578947,86.37077664474559
20,9,9,66,41,69,1.8157894736842106,67.4122001224805
19,11,8,56,51,65,1.7105263157894737,69.55017301038062
18,10,10,65,46,64,1.6842105263157894,68.61315817579835
15,12,11,50,40,56,1.4736842105263157,62.98071801427506
14,14,10,47,40,52,1.368421052631579,58.60668874879795
14,14,10,48,51,52,1.368421052631579,81.46119692659452
13,17,8,45,52,47,1.236842105263158,71.36282620840095
12,15,11,44,51,47,1.236842105263158,49.94676603673143
12,15,11,52,66,47,1.236842105263158,43.60776171843808
11,15,12,45,46,45,1.1842105263157894,57.299843014128726
11,15,12,36,53,45,1.1842105263157894,50.419899224186196
11,17,10,42,62,43,1.131578947368421,93.4861407249467
7,14,17,37,53,38,1.0,65.20141643813733
10,21,7,43,66,37,0.9736842105263158,46.168906053047984
10,22,6,46,77,36,0.9473684210526315,45.928504485205515
8,23,7,48,78,31,0.8157894736842105,70.23749098389122
5,23,10,40,82,25,0.6578947368421053,60.37705618457595
28,5,5,86,43,89,2.3421052631578947,61.40798638804701
23,6,9,66,34,78,2.0526315789473686,72.2250380131779
22,7,9,75,39,75,1.9736842105263157,74.6102390533806
21,7,10,72,37,73,1.9210526315789473,77.7582065652522
21,8,9,66,46,72,1.894736842105263,57.41722383527343
16,7,15,55,40,63,1.6578947368421053,68.19501025108502
16,9,13,71,43,61,1.605263157894737,54.564591771477296
14,17,7,53,57,49,1.2894736842105263,78.34702368252614
11,14,13,47,51,46,1.2105263157894737,73.2802683420296
12,16,10,45,53,46,1.2105263157894737,56.24501090947794
10,14,14,41,58,44,1.1578947368421053,58.956813461845684
11,17,10,50,60,43,1.131578947368421,91.70203112071957
9,14,15,34,45,42,1.105263157894737,60.37333901419327
9,15,14,49,60,41,1.0789473684210527,50.54410003990954
10,17,11,47,69,41,1.0789473684210527,59.82078566285303
11,19,8,45,68,41,1.0789473684210527,78.67576500693038
9,17,12,41,54,39,1.0263157894736843,60.25319829424307
9,20,9,47,73,36,0.9473684210526315,94.49245212567344
6,22,10,43,73,28,0.7368421052631579,79.19848851752307
4,21,13,30,60,25,0.6578947368421053,66.67555318581712
27,6,5,102,37,86,2.263157894736842,86.14359930731318
26,6,6,101,50,84,2.210526315789474,59.73149009703575
25,6,7,71,27,82,2.1578947368421053,76.49218978684904
24,7,7,68,41,79,2.0789473684210527,84.11813355387775
21,8,9,61,39,72,1.894736842105263,63.152567653952694
21,11,6,55,51,69,1.8157894736842106,63.90461439863277
19,12,7,64,43,64,1.6842105263157894,62.16453440434078
15,12,11,54,46,56,1.4736842105263157,49.797926083488434
13,14,11,45,52,50,1.3157894736842106,81.21142490715259
15,19,4,43,59,49,1.2894736842105263,88.24094841396987
13,19,6,33,48,45,1.1842105263157894,65.58996618113066
11,18,9,54,54,42,1.105263157894737,75.81401545430323
11,20,7,40,51,40,1.0526315789473684,50.35863797562862
10,20,8,41,60,38,1.0,72.4294813466788
10,20,8,39,61,38,1.0,57.656316461080394
10,21,7,38,53,37,0.9736842105263158,63.09765208110992
7,16,15,43,59,36,0.9473684210526315,74.91291977983994
8,21,9,28,62,33,0.868421052631579,58.60152135751902
9,24,5,40,85,32,0.8421052631578947,67.6762568865941
7,22,9,32,74,30,0.7894736842105263,54.01181982749441
26,3,9,73,32,87,2.289473684210526,82.53294914892481
24,7,7,83,38,79,2.0789473684210527,84.10379241516966
22,7,9,71,36,75,1.9736842105263157,79.80249673933297
20,8,10,62,37,70,1.8421052631578947,66.71198912261058
19,12,7,58,53,64,1.6842105263157894,67.37895158063225
18,12,8,52,48,62,1.631578947368421,63.065821706252
18,14,6,54,33,60,1.5789473684210527,67.70913736658592
16,14,8,46,49,56,1.4736842105263157,71.40991123077333
15,14,9,48,45,54,1.4210526315789473,86.11162815433298
13,16,9,47,51,48,1.263157894736842,59.702725020644095
12,15,11,48,50,47,1.236842105263158,57.30202627240334
12,15,11,44,47,47,1.236842105263158,51.78124500772139
11,16,11,38,51,44,1.1578947368421053,57.10624666310732
11,19,8,46,55,41,1.0789473684210527,60.927310957919666
10,19,9,40,63,39,1.0263157894736843,75.0899544230923
7,14,17,31,53,38,1.0,60.33610312133803
10,20,8,31,57,38,1.0,61.584258863733446
8,19,11,33,51,35,0.9210526315789473,68.87712827092187
7,19,12,28,53,33,0.868421052631579,25.722589590443683
8,24,6,42,73,30,0.7894736842105263,42.972101574782165
23,3,12,68,36,81,2.1315789473684212,68.13289284382161
20,7,11,65,36,71,1.868421052631579,90.09718588134778
19,6,13,69,35,70,1.8421052631578947,57.210835526490676
19,10,9,71,41,66,1.736842105263158,84.60658615736554
19,10,9,49,35,66,1.736842105263158,65.94395908800341
18,11,9,59,41,63,1.6578947368421053,78.95395928807417
16,8,14,65,51,62,1.631578947368421,63.18928561919216
16,10,12,63,50,60,1.5789473684210527,64.31140596275277
14,15,9,41,55,51,1.3421052631578947,80.92732565903688
12,12,14,59,53,50,1.3157894736842106,88.12871894762121
11,13,14,59,55,47,1.236842105263158,53.229808692868005
12,15,11,42,52,47,1.236842105263158,75.7095691996379
12,17,9,40,50,45,1.1842105263157894,83.74247830022898
10,15,13,34,48,43,1.131578947368421,73.59927567106945
11,18,9,39,51,42,1.105263157894737,63.55647867071417
11,18,9,45,67,42,1.105263157894737,37.86330245927819
9,17,12,48,62,39,1.0263157894736843,70.02023321441882
9,19,10,44,65,37,0.9736842105263158,79.45373884226842
9,22,7,39,67,34,0.8947368421052632,56.498199759967996
3,27,8,27,76,17,0.4473684210526316,66.59026093445988
30,5,3,85,33,93,2.4473684210526314,89.42289800366837
26,4,8,86,26,86,2.263157894736842,62.99811255549352
23,6,9,80,39,78,2.0526315789473686,87.3618619018454
22,6,10,78,42,76,2.0,68.35920884729903
23,9,6,77,44,75,1.9736842105263157,84.11563900149349
18,5,15,54,29,69,1.8157894736842106,70.9032858853266
17,11,10,62,44,61,1.605263157894737,60.81893113533635
12,16,10,41,48,46,1.2105263157894737,59.405018493387615
12,16,10,55,67,46,1.2105263157894737,36.42101898953312
12,17,9,43,51,45,1.1842105263157894,75.80083472897891
12,17,9,47,64,45,1.1842105263157894,73.69262753878138
12,18,8,48,63,44,1.1578947368421053,66.9338944228413
11,16,11,41,56,44,1.1578947368421053,73.02479162783267
12,21,5,50,63,41,1.0789473684210527,58.24269340212217
12,21,5,45,70,41,1.0789473684210527,67.86663830692332
11,20,7,39,55,40,1.0526315789473684,42.82897716675992
11,20,7,40,68,40,1.0526315789473684,87.37822730902316
9,22,7,37,80,34,0.8947368421052632,60.55050774986638
5,20,13,27,53,28,0.7368421052631579,56.471716203259824
6,26,6,29,69,24,0.631578947368421,68.77131287297527
21,8,5,58,36,68,2.0,25.185868078272765
17,4,13,57,30,64,1.8823529411764706,33.41009690154325
16,7,11,43,27,59,1.7352941176470589,33.690284966387054
15,7,12,48,33,57,1.6764705882352942,39.11810365416766
14,10,10,47,40,52,1.5294117647058822,28.77893104271057
15,14,5,46,37,50,1.4705882352941178,27.825854224284058
11,10,13,45,47,46,1.3529411764705883,35.50837320574163
13,15,6,45,41,45,1.3235294117647058,36.92894156888439
12,14,8,44,45,44,1.2941176470588236,28.67938000178502
11,12,11,40,48,44,1.2941176470588236,17.866278032240796
12,15,7,53,50,43,1.2647058823529411,46.92491060786651
11,14,9,35,44,42,1.2352941176470589,25.066936395549472
11,15,8,31,41,41,1.2058823529411764,26.412904377845898
9,12,13,37,39,40,1.1764705882352942,37.78221837812043
11,16,7,31,40,40,1.1764705882352942,38.97774997766062
9,15,10,43,56,37,1.088235294117647,43.63214561893998
8,16,10,34,50,34,1.0,34.522782060057736
7,19,8,28,61,29,0.8529411764705882,40.57124116752631
20,8,6,62,32,66,1.9411764705882353,37.39296476414953
18,6,10,55,30,64,1.8823529411764706,36.233739171851276
16,7,11,48,38,59,1.7352941176470589,25.584164310165203
15,6,13,43,24,58,1.7058823529411764,59.25384707145413
15,8,11,39,32,56,1.6470588235294117,37.415168472437195
14,12,8,34,31,50,1.4705882352941178,58.32314254183195
13,13,8,40,35,47,1.3823529411764706,39.63096551107402
12,12,10,41,40,46,1.3529411764705883,26.11305950187244
11,12,11,34,39,44,1.2941176470588236,74.51921643459852
12,15,7,35,41,43,1.2647058823529411,26.282223215616153
12,17,5,38,44,41,1.2058823529411764,29.47226790252654
11,15,8,40,51,41,1.2058823529411764,19.481214861528393
9,12,13,28,31,40,1.1764705882352942,36.30461327694553
8,11,15,35,39,39,1.1470588235294117,30.207553385845635
9,13,12,36,41,39,1.1470588235294117,68.31189758586733
9,17,8,34,57,35,1.0294117647058822,26.76720919814842
9,19,6,31,47,33,0.9705882352941176,25.112468345002238
7,17,10,43,64,31,0.9117647058823529,33.88247888664209
19,8,11,63,41,68,1.7894736842105263,40.69504037523652
19,9,10,66,33,67,1.763157894736842,52.826845637583894
19,11,8,41,36,65,1.7105263157894737,69.777623535065
18,10,10,57,36,64,1.6842105263157894,74.3663101604278
17,8,13,46,31,64,1.6842105263157894,35.909574468085104
18,10,10,38,29,64,1.6842105263157894,30.863408921537317
19,14,5,59,46,62,1.631578947368421,39.892384326469724
14,9,15,43,31,57,1.5,57.34023258295103
16,14,8,37,39,56,1.4736842105263157,30.463381373833524
13,9,16,39,31,55,1.4473684210526316,24.90586193083189
14,12,12,47,36,54,1.4210526315789473,56.42556837961599
12,15,11,40,48,47,1.236842105263158,32.31823168936819
11,15,12,40,54,45,1.1842105263157894,26.939155904673147
10,16,12,29,44,42,1.105263157894737,37.88396816069234
10,18,10,35,45,40,1.0526315789473684,31.086172344689377
10,18,10,37,54,40,1.0526315789473684,41.29732040287462
9,17,12,29,49,39,1.0263157894736843,30.08293204922418
10,20,8,27,47,38,1.0,33.80624131666132
9,20,9,41,59,36,0.9473684210526315,46.778233757927836
7,21,10,23,48,31,0.8157894736842105,39.1785276400661
24,7,7,64,26,79,2.0789473684210527,54.66306701237605
22,6,10,50,28,76,2.0,62.735572046340295
21,5,12,59,30,75,1.9736842105263157,52.93724966622163
19,11,8,60,34,65,1.7105263157894737,22.07826757828088
18,11,9,54,42,63,1.6578947368421053,39.40877524412633
17,12,9,47,35,60,1.5789473684210527,26.57035848047084
17,15,6,51,45,57,1.5,67.36081484641639
15,15,8,34,48,53,1.394736842105263,73.92142684984333
14,14,10,56,44,52,1.368421052631579,48.71096150249793
14,15,9,41,41,51,1.3421052631578947,33.38126431272301
11,10,17,42,39,50,1.3157894736842106,22.45453090831511
13,14,11,40,43,50,1.3157894736842106,68.4234378332267
10,15,13,43,50,43,1.131578947368421,44.665085161393506
11,18,9,34,42,42,1.105263157894737,22.932736169859833
10,18,10,33,55,40,1.0526315789473684,28.455262805938208
9,17,12,31,44,39,1.0263157894736843,49.42734814021943
9,17,12,33,49,39,1.0263157894736843,40.69739543067367
10,20,8,36,58,38,1.0,41.20323559150657
9,18,11,35,57,38,1.0,27.585286423575887
8,23,7,41,74,31,0.8157894736842105,41.297714010385995
22,3,13,56,22,79,2.0789473684210527,51.280959855276805
18,7,13,52,29,67,1.763157894736842,52.42638241172551
15,5,18,52,35,63,1.6578947368421053,67.24505570659417
15,13,10,49,42,55,1.4473684210526316,54.3363539445629
15,13,10,47,42,55,1.4473684210526316,48.47710330138445
12,9,17,47,34,53,1.394736842105263,48.037572177430086
13,12,13,45,39,52,1.368421052631579,59.37840640204185
14,14,10,48,47,52,1.368421052631579,38.17688810909961
12,11,15,40,41,51,1.3421052631578947,54.53599722585292
13,14,11,42,41,50,1.3157894736842106,45.86806572744946
12,14,12,42,43,48,1.263157894736842,51.098534397608056
10,12,16,38,45,46,1.2105263157894737,35.82893403722071
12,16,10,36,43,46,1.2105263157894737,32.88277480071449
10,13,15,36,40,45,1.1842105263157894,52.482477413852834
8,10,20,37,41,44,1.1578947368421053,43.398497044901454
10,14,14,33,45,44,1.1578947368421053,38.9053535985209
10,15,13,33,38,43,1.131578947368421,45.29245835329182
10,16,12,36,60,42,1.105263157894737,37.44370119659942
11,19,8,32,48,41,1.0789473684210527,52.94007889966947
6,18,14,25,51,32,0.8421052631578947,54.115330370685754
25,4,9,73,31,84,2.210526315789474,53.77376046789845
18,5,15,43,25,69,1.8157894736842106,56.80528545168767
16,8,14,56,31,62,1.631578947368421,56.18067406143344
14,6,18,48,34,60,1.5789473684210527,66.26199962563842
16,10,12,44,35,60,1.5789473684210527,54.96671105193076
17,13,8,50,39,59,1.5526315789473684,28.47959455854895
18,15,5,48,49,59,1.5526315789473684,62.85950369165978
16,12,10,36,31,58,1.5263157894736843,40.51291631084543
13,12,13,44,38,52,1.368421052631579,44.64061540105238
13,12,13,42,36,52,1.368421052631579,46.278074866310156
13,12,13,33,36,52,1.368421052631579,33.92143275944779
12,14,12,35,37,48,1.263157894736842,45.04817058525259
11,13,14,29,39,47,1.236842105263158,47.52528082392807
11,15,12,37,41,45,1.1842105263157894,44.328306603899044
11,16,11,34,47,44,1.1578947368421053,53.40261124433786
10,17,11,36,47,41,1.0789473684210527,30.494278321641016
9,17,12,37,47,39,1.0263157894736843,31.857298910292275
8,21,9,27,53,33,0.868421052631579,56.249168108611734
5,19,14,33,56,29,0.7631578947368421,58.432640410409874
6,21,11,26,59,29,0.7631578947368421,59.85774311372312
24,5,9,64,27,81,2.1315789473684212,42.64060630235341
19,12,7,53,38,64,1.6842105263157894,57.78530109562019
17,14,7,47,43,58,1.5263157894736843,40.72285942918111
14,9,15,38,30,57,1.5,44.218286721692444
15,11,12,47,41,57,1.5,76.25685618729096
16,13,9,39,35,57,1.5,52.50712326578436
15,11,12,46,48,57,1.5,47.809442790302
13,10,15,41,41,54,1.4210526315789473,35.56337090027443
13,13,12,45,38,51,1.3421052631578947,70.46231961517904
13,14,11,45,43,50,1.3157894736842106,55.78345752210026
14,17,7,52,50,49,1.2894736842105263,43.71018047077013
11,11,16,45,46,49,1.2894736842105263,54.63947676273529
13,15,10,37,44,49,1.2894736842105263,45.239301426476466
12,13,13,33,40,49,1.2894736842105263,29.32523185161497
12,14,12,42,42,48,1.263157894736842,45.158971081642434
9,13,16,34,40,43,1.131578947368421,38.81439850127124
11,17,10,36,48,43,1.131578947368421,28.553905229193887
9,17,12,39,54,39,1.0263157894736843,36.200726418117725
7,17,14,46,58,35,0.9210526315789473,29.87176061982367
7,18,13,29,52,34,0.8947368421052632,56.249666435395206
24,7,7,74,37,79,2.0789473684210527,39.28009178963097
22,7,9,65,38,75,1.9736842105263157,44.78046954382587
17,10,11,58,45,62,1.631578947368421,44.4447402044293
15,8,15,44,30,60,1.5789473684210527,50.492328218812546
16,12,10,47,34,58,1.5263157894736843,37.38452501735462
16,12,10,47,44,58,1.5263157894736843,34.73261106822477
13,7,18,45,32,57,1.5,45.43633838923307
13,9,16,35,30,55,1.4473684210526316,39.75598710674232
14,13,11,46,49,53,1.394736842105263,59.31228257960931
12,10,16,32,35,52,1.368421052631579,27.926203578169446
13,13,12,48,53,51,1.3421052631578947,18.70438442277982
13,17,8,40,48,47,1.236842105263158,67.54807692307693
12,17,9,42,40,45,1.1842105263157894,42.11893919099919
10,14,14,34,43,44,1.1578947368421053,41.03576095362543
12,18,8,33,52,44,1.1578947368421053,49.88935988696046
10,15,13,37,45,43,1.131578947368421,28.142279880901743
9,14,15,36,42,42,1.105263157894737,45.07406913118911
9,16,13,43,52,40,1.0526315789473684,64.05854282743728
9,21,8,34,55,35,0.9210526315789473,51.44279672359334
5,24,9,28,64,24,0.631578947368421,59.266895148334584
24,6,8,64,34,80,2.1052631578947367,41.18698796466789
22,5,11,67,35,77,2.026315789473684,62.340357598978294
20,7,11,52,29,71,1.868421052631579,54.48528038006779
16,6,16,45,27,64,1.6842105263157894,32.13792003402807
17,8,13,51,39,64,1.6842105263157894,34.22661774871059
19,12,7,49,38,64,1.6842105263157894,23.157782686217633
15,7,16,42,34,61,1.605263157894737,46.08783711757808
16,15,7,35,35,55,1.4473684210526316,58.53788261574875
13,14,11,40,41,50,1.3157894736842106,55.44156051804082
10,13,15,47,47,45,1.1842105263157894,22.215721731730667
11,15,12,41,45,45,1.1842105263157894,65.20350307450688
10,14,14,35,42,44,1.1578947368421053,49.208
10,14,14,24,37,44,1.1578947368421053,51.04746186812894
10,16,12,40,48,42,1.105263157894737,58.56918029288592
10,16,12,38,47,42,1.105263157894737,59.49515702964485
10,18,10,43,54,40,1.0526315789473684,53.81137294536944
11,20,7,40,56,40,1.0526315789473684,36.81337700029289
8,17,13,42,49,37,0.9736842105263158,24.545648350477002
9,19,10,33,54,37,0.9736842105263158,62.89940670976667
7,26,5,30,67,26,0.6842105263157895,29.76488777523058
23,6,9,69,36,78,2.0526315789473686,57.40395374860127
20,6,12,64,38,72,1.894736842105263,48.351472897096784
20,7,11,42,29,71,1.868421052631579,62.52963584538747
21,10,7,72,40,70,1.8421052631578947,35.92517586868472
20,9,9,50,40,69,1.8157894736842106,59.41595707764995
19,12,7,58,40,64,1.6842105263157894,40.27978387631734
16,12,10,54,42,58,1.5263157894736843,33.12223936991113
15,13,10,39,45,55,1.4473684210526316,66.0090521831736
14,13,11,52,41,53,1.394736842105263,48.79762731790734
14,14,10,50,50,52,1.368421052631579,61.52659164072685
12,14,12,40,44,48,1.263157894736842,71.99850956804087
13,16,9,46,53,48,1.263157894736842,57.73338660274337
12,15,11,50,46,47,1.236842105263158,35.79504642315571
12,15,11,36,36,47,1.236842105263158,35.2527601785762
11,16,11,41,57,44,1.1578947368421053,55.288128365051435
11,19,8,28,52,41,1.0789473684210527,46.990296438473024
10,18,10,27,45,40,1.0526315789473684,49.3060374739764
8,22,8,36,59,32,0.8421052631578947,53.550493830464916
7,21,10,31,62,31,0.8157894736842105,25.005347021708907
5,25,8,31,61,23,0.6052631578947368,44.19450611175007
21,4,13,68,36,76,2.0,42.37946915848042
18,6,14,62,39,68,1.7894736842105263,57.1253300616115
17,8,13,61,40,64,1.6842105263157894,44.84701233513109
15,8,15,56,41,60,1.5789473684210527,31.912676357417702
17,14,7,60,43,58,1.5263157894736843,49.229495499826406
15,12,11,38,35,56,1.4736842105263157,50.17419749474749
12,11,15,43,42,51,1.3421052631578947,49.548830152519365
14,16,8,38,36,50,1.3157894736842106,44.63765042676138
10,9,19,45,41,49,1.2894736842105263,62.61799037464437
12,13,13,46,47,49,1.2894736842105263,29.901190507896768
12,13,13,46,48,49,1.2894736842105263,34.6495320873437
10,10,18,45,41,48,1.263157894736842,49.82025404095545
13,16,9,43,48,48,1.263157894736842,49.98396750748183
12,15,11,32,43,47,1.236842105263158,47.13328170480946
11,14,13,46,51,46,1.2105263157894737,24.48631050861931
11,14,13,36,43,46,1.2105263157894737,72.37006513359032
11,14,13,33,48,46,1.2105263157894737,65.01507510872754
9,12,17,36,40,44,1.1578947368421053,62.924671587305816
7,17,14,35,58,35,0.9210526315789473,66.82321547698466
3,24,11,21,70,20,0.5263157894736842,49.504152221236794
25,6,7,68,34,82,2.1578947368421053,54.172782833809286
23,5,10,75,41,79,2.0789473684210527,53.43582638352296
21,6,11,72,39,74,1.9473684210526316,41.831286705819544
19,12,7,64,51,64,1.6842105263157894,36.61689681882529
16,9,13,53,41,61,1.605263157894737,48.66046437235092
17,12,9,53,44,60,1.5789473684210527,58.64851907095674
16,13,9,49,45,57,1.5,35.39397821909033
15,12,11,37,34,56,1.4736842105263157,50.10946176847501
13,14,11,54,55,50,1.3157894736842106,54.66025897743959
12,14,12,45,41,48,1.263157894736842,43.212808539026014
11,15,12,38,48,45,1.1842105263157894,67.21220011158638
12,19,7,40,50,43,1.131578947368421,48.513184963530954
10,16,12,39,46,42,1.105263157894737,57.415220293724964
11,18,9,40,60,42,1.105263157894737,40.38723461076245
8,13,17,31,38,41,1.0789473684210527,63.92587069975503
9,15,14,40,61,41,1.0789473684210527,46.08541878784631
9,17,12,35,49,39,1.0263157894736843,50.568394086566684
9,18,11,39,59,38,1.0,22.26761729285161
9,20,9,38,63,36,0.9473684210526315,38.81985087789626
7,18,13,46,57,34,0.8947368421052632,60.570191845241276
25,5,8,69,23,83,2.1842105263157894,62.70438063635634
21,9,8,42,36,71,1.868421052631579,48.299047466581285
19,9,10,61,38,67,1.763157894736842,29.344721740290936
18,10,10,57,46,64,1.6842105263157894,42.91961071857086
16,7,15,60,32,63,1.6578947368421053,28.471962866136693
16,8,14,59,40,62,1.631578947368421,37.819983484723366
13,9,16,40,34,55,1.4473684210526316,56.634761511184585
14,13,11,57,58,53,1.394736842105263,37.00732659500508
15,16,7,54,51,52,1.368421052631579,51.74227657472431
13,13,12,49,47,51,1.3421052631578947,53.274525527933704
12,14,12,49,53,48,1.263157894736842,50.73170731707317
13,17,8,50,66,47,1.236842105263158,28.3125768346785
13,18,7,48,59,46,1.2105263157894737,58.838675070403646
10,15,13,33,42,43,1.131578947368421,64.54012684310526
10,17,11,41,57,41,1.0789473684210527,50.543710021321964
10,18,10,46,53,40,1.0526315789473684,54.907501199552165
9,14,15,39,51,40,1.0526315789473684,57.77546444586803
9,18,11,38,58,38,1.0,54.811179859184975
8,17,13,43,61,37,0.9736842105263158,48.79050540072009
8,25,5,32,62,29,0.7631578947368421,60.920428502904656
27,3,8,84,23,89,2.3421052631578947,77.76712729983758
23,4,11,63,31,80,2.1052631578947367,65.23808257783213
20,7,11,46,26,71,1.868421052631579,58.004219071270256
20,9,9,56,34,69,1.8157894736842106,25.657561625582943
17,11,10,56,44,61,1.605263157894737,37.216318684252684
16,10,12,53,40,60,1.5789473684210527,42.54838366652488
13,11,14,49,43,53,1.394736842105263,69.00561347233361
13,15,10,48,53,49,1.2894736842105263,53.447078927694115
12,13,13,46,53,49,1.2894736842105263,69.96025288766774
12,15,11,42,56,49,1.2894736842105263,50.43629086057372
12,14,12,44,52,48,1.263157894736842,64.81053051455923
11,14,13,47,45,46,1.2105263157894737,51.0508908567161
12,15,11,38,43,46,1.2105263157894737,62.90133645705767
11,16,11,39,51,44,1.1578947368421053,61.3409072725818
8,12,18,45,53,42,1.105263157894737,44.535739219161165
11,18,9,34,42,42,1.105263157894737,48.513135084677955
12,20,6,30,44,42,1.105263157894737,35.038730800968935
10,18,10,37,61,40,1.0526315789473684,55.09077821322883
7,23,8,37,65,29,0.7631578947368421,61.53437042946417
4,23,11,37,72,23,0.6052631578947368,58.44807343366421
24,3,11,83,36,83,2.1842105263157894,80.61823225049342
22,7,9,72,33,75,1.9736842105263157,32.46092813972683
20,7,11,51,26,71,1.868421052631579,72.94419088798142
21,11,6,76,42,69,1.8157894736842106,33.50455101932187
19,7,12,51,30,69,1.8157894736842106,35.6404793608522
17,9,12,47,44,63,1.6578947368421053,64.38947677053069
16,14,8,46,39,56,1.4736842105263157,41.48540126575547
16,14,8,43,42,56,1.4736842105263157,57.74531275038727
13,14,11,35,42,50,1.3157894736842106,49.7137379170772
15,19,4,41,55,49,1.2894736842105263,50.23500507397319
13,16,9,44,53,48,1.263157894736842,31.515378243326296
12,15,11,37,46,47,1.236842105263158,46.85695958948043
12,16,10,54,55,46,1.2105263157894737,35.327642950793354
11,15,12,29,40,45,1.1842105263157894,60.5577158685346
12,18,8,47,66,44,1.1578947368421053,55.456944111297666
12,19,7,44,50,43,1.131578947368421,61.40607543756983
12,20,6,43,64,42,1.105263157894737,80.23709083141988
11,23,4,41,62,37,0.9736842105263158,66.45562885720366
7,22,9,31,61,30,0.7894736842105263,62.60630781945666
7,23,8,32,61,29,0.7631578947368421,47.95577749886507
30,2,6,102,19,96,2.526315789473684,78.47727091156028
19,11,8,67,43,65,1.7105263157894737,34.75838908286468
17,7,14,57,50,65,1.7105263157894737,82.71397298307438
18,11,9,58,41,63,1.6578947368421053,22.860733768317466
15,8,15,39,27,60,1.5789473684210527,46.74202836728165
17,14,7,42,37,58,1.5263157894736843,28.475109263404754
16,16,6,39,52,54,1.4210526315789473,28.87434904526639
13,12,13,52,54,52,1.368421052631579,57.879191059073975
13,14,11,40,38,50,1.3157894736842106,44.29936050089637
14,16,8,36,42,50,1.3157894736842106,32.564617650997725
12,12,14,50,57,50,1.3157894736842106,61.317157712305026
14,17,7,49,47,49,1.2894736842105263,41.4575675243727
10,10,18,48,42,48,1.263157894736842,60.58126788053796
12,14,12,33,44,48,1.263157894736842,61.53087604274939
11,14,13,47,58,46,1.2105263157894737,55.50623094614109
11,16,11,47,56,44,1.1578947368421053,40.63452998769461
9,16,13,45,55,40,1.0526315789473684,68.15554667732054
10,19,9,44,57,39,1.0263157894736843,55.82188132523703
8,17,13,37,58,37,0.9736842105263158,46.05733810261064
3,26,9,28,83,18,0.47368421052631576,40.069639748225526
30,3,5,107,31,95,2.5,63.20764765404484
27,5,6,83,27,87,2.289473684210526,72.76671635434411
22,4,12,63,36,78,2.0526315789473686,43.01824565136443
20,13,5,77,48,67,1.763157894736842,40.72335431558732
17,10,11,57,41,62,1.631578947368421,37.8541594615446
15,9,14,53,43,59,1.5526315789473684,59.99520422028615
14,15,9,40,54,51,1.3421052631578947,59.213399371571604
12,12,14,41,42,50,1.3157894736842106,40.46324809211407
12,12,14,36,42,50,1.3157894736842106,53.142857142857146
14,16,8,46,53,50,1.3157894736842106,35.350973219768775
13,18,7,40,47,46,1.2105263157894737,51.75265432428107
13,18,7,40,49,46,1.2105263157894737,44.685558902721866
10,14,14,37,41,44,1.1578947368421053,49.53333333333333
11,17,10,39,72,43,1.131578947368421,66.26872846727025
10,19,9,48,66,39,1.0263157894736843,55.0402903036448
8,17,13,46,58,37,0.9736842105263158,39.6168009820142
10,21,7,36,65,37,0.9736842105263158,33.27832197614992
10,22,6,44,70,36,0.9473684210526315,45.87597189194966
9,21,8,29,52,35,0.9210526315789473,49.64535224788011
8,19,11,29,54,34,0.8947368421052632,35.97435003085509
19,9,6,62,37,63,1.8529411764705883,48.64864864864865
18,8,8,65,35,62,1.8235294117647058,60.85405019626502
16,8,10,62,42,58,1.7058823529411764,41.32671265461465
17,11,6,54,40,57,1.6764705882352942,47.06252057582378
18,14,2,58,52,56,1.6470588235294117,46.18185073557936
15,9,10,54,37,55,1.6176470588235294,59.17875832540438
15,11,8,53,48,53,1.5588235294117647,51.63503998090464
15,14,5,49,54,50,1.4705882352941178,63.21938425774148
12,11,11,60,45,47,1.3823529411764706,52.720400023810946
12,12,10,59,52,46,1.3529411764705883,22.012897832447603
12,14,8,43,55,44,1.2941176470588236,46.18780575110369
12,15,7,34,47,43,1.2647058823529411,50.22972731069872
10,13,11,58,58,41,1.2058823529411764,60.69668090699967
12,19,3,38,52,39,1.1470588235294117,81.64127588669365
9,14,11,42,49,38,1.1176470588235294,55.345387387924106
8,15,11,35,59,35,1.0294117647058822,15.35888168702769
10,19,5,41,68,35,1.0294117647058822,34.71656279961649
7,21,6,30,67,27,0.7941176470588235,55.903838093527334
21,6,7,62,33,70,2.0588235294117645,52.02967483322863
21,7,6,77,38,69,2.0294117647058822,38.88491779842745
20,6,8,65,25,68,2.0,64.88779093993689
18,9,7,61,38,61,1.7941176470588236,54.59837019790454
18,9,7,52,36,61,1.7941176470588236,64.58271369936351
17,12,5,54,43,56,1.6470588235294117,53.79637361326493
17,12,5,62,53,56,1.6470588235294117,54.2427401340283
13,10,11,47,43,50,1.4705882352941178,49.57433461779729
15,14,5,59,59,50,1.4705882352941178,48.86251826232147
13,14,7,57,49,46,1.3529411764705883,66.27181858869163
10,14,10,51,57,40,1.1764705882352942,56.24329479079747
9,13,12,41,53,39,1.1470588235294117,48.85719400847407
9,17,8,36,60,35,1.0294117647058822,78.63414341793774
9,18,7,35,54,34,1.0,46.1529292568091
10,20,4,34,57,34,1.0,52.617161912701725
7,18,9,37,64,30,0.8823529411764706,55.131649650725414
7,19,8,26,61,29,0.8529411764705882,20.5276051625239
4,20,10,37,70,22,0.6470588235294118,34.9588403722262
23,5,6,70,25,75,2.2058823529411766,59.08834279261879
17,9,8,53,39,59,1.7352941176470589,47.6652480580935
15,6,13,51,27,58,1.7058823529411764,46.44336502071103
15,8,11,46,36,56,1.6470588235294117,71.19140041803523
16,12,6,52,43,54,1.588235294117647,55.526080476900155
16,14,4,51,50,52,1.5294117647058822,65.9657204391134
12,9,13,46,40,49,1.4411764705882353,67.82067024048396
13,14,7,39,42,46,1.3529411764705883,60.598927294398095
12,13,9,55,56,45,1.3235294117647058,62.12278876170656
12,13,9,44,52,45,1.3235294117647058,49.63623352614944
12,15,7,47,57,43,1.2647058823529411,73.91640636620556
11,14,9,43,45,42,1.2352941176470589,58.129547894548494
11,15,8,35,41,41,1.2058823529411764,64.192622705805
10,14,10,40,42,40,1.1764705882352942,54.1460801238169
11,16,7,47,56,40,1.1764705882352942,50.156137400912804
8,14,12,35,46,36,1.0588235294117647,48.57756307031669
8,20,6,33,60,30,0.8823529411764706,59.06704843712718
7,18,9,34,64,30,0.8823529411764706,61.98028673835125
22,4,8,79,38,74,2.176470588235294,66.37979810011613
20,6,8,70,39,68,2.0,65.35889167562404
19,7,8,73,39,65,1.911764705882353,51.97666110978805
18,6,10,52,24,64,1.8823529411764706,45.36493850689378
15,8,11,57,39,56,1.6470588235294117,68.914180435041
16,11,7,59,48,55,1.6176470588235294,56.088241440042985
13,10,11,49,42,50,1.4705882352941178,66.36835511007696
14,13,7,47,60,49,1.4411764705882353,61.89823641563393
12,14,8,55,54,44,1.2941176470588236,59.71354244535478
13,18,3,56,61,42,1.2352941176470589,70.34365592679801
10,15,9,40,49,39,1.1470588235294117,63.22246374653842
9,13,12,42,59,39,1.1470588235294117,54.72837623703172
10,16,8,42,67,38,1.1176470588235294,62.93515970809905
9,15,10,49,63,37,1.088235294117647,66.51755092302646
11,17,6,39,62,36,1.0588235294117647,59.026673467550786
9,20,5,36,53,32,0.9411764705882353,46.569095028019554
8,18,8,32,55,32,0.9411764705882353,45.401765674098456
6,23,5,32,57,23,0.6764705882352942,18.468455057016108
24,5,5,75,33,77,2.264705882352941,60.80674471951619
20,11,3,56,46,63,1.8529411764705883,73.16323485526709
18,11,5,68,37,59,1.7352941176470589,52.79892920880428
15,6,13,59,31,58,1.7058823529411764,55.603345280764636
17,10,7,54,40,58,1.7058823529411764,37.76549663928305
16,9,9,65,44,57,1.6764705882352942,55.29548225916783
15,9,10,47,44,55,1.6176470588235294,51.127238117899
16,15,3,55,50,51,1.5,63.15491615286093
15,16,3,49,51,48,1.411764705882353,65.18467648024843
13,15,6,34,36,45,1.3235294117647058,62.729275845640785
12,15,7,50,55,43,1.2647058823529411,21.586139144413682
12,16,6,43,52,42,1.2352941176470589,45.18339739578678
11,16,7,37,49,40,1.1764705882352942,43.443232155067335
10,16,8,55,63,38,1.1176470588235294,48.041736426692175
8,14,12,35,51,36,1.0588235294117647,55.189949147472326
9,17,8,47,68,35,1.0294117647058822,66.81780217157856
7,18,9,31,65,30,0.8823529411764706,59.231364610621576
3,22,9,30,75,18,0.5294117647058824,67.53087893072379
22,3,9,67,32,75,2.2058823529411766,67.83435692564545
21,6,7,79,37,70,2.0588235294117645,43.70057672869969
21,8,5,53,30,68,2.0,69.48472601925592
16,5,13,47,31,61,1.7941176470588236,70.76082738859206
14,10,10,64,49,52,1.5294117647058822,50.06242939532671
12,10,12,52,48,48,1.411764705882353,64.33201296362981
11,10,13,45,42,46,1.3529411764705883,47.25715814824726
12,14,8,49,51,44,1.2941176470588236,55.66324704759632
9,9,16,37,39,43,1.2647058823529411,51.74496444616346
10,12,12,42,50,42,1.2352941176470589,70.05897069335239
9,14,11,46,47,38,1.1176470588235294,37.20653789004458
7,10,17,43,47,38,1.1176470588235294,45.72740007749396
10,17,7,32,47,37,1.088235294117647,40.76209725359648
9,16,9,42,51,36,1.0588235294117647,53.93231719998811
7,14,13,33,55,34,1.0,74.95518642447419
8,17,9,47,71,33,0.9705882352941176,57.24838411819021
7,18,9,49,71,30,0.8823529411764706,33.82493432051588
5,17,12,34,63,27,0.7941176470588235,40.6963249516441
21,6,7,61,37,70,2.0588235294117645,47.806715904673624
21,8,5,53,32,68,2.0,66.64384377232675
20,8,6,76,40,66,1.9411764705882353,42.770529319107204
18,10,6,55,40,60,1.7647058823529411,61.58716005349978
15,13,6,54,49,51,1.5,49.84309154487582
11,8,15,43,32,48,1.411764705882353,64.82038155897497
10,9,15,43,37,45,1.3235294117647058,70.63615205585725
13,15,6,49,50,45,1.3235294117647058,58.93542913280343
12,14,8,41,43,44,1.2941176470588236,52.043004348085056
12,14,8,50,55,44,1.2941176470588236,66.45013260228255
12,14,8,41,50,44,1.2941176470588236,59.79942863944768
11,14,9,47,49,42,1.2352941176470589,34.82718654343368
11,15,8,38,49,41,1.2058823529411764,70.95622154102557
9,12,13,46,58,40,1.1764705882352942,48.27123295844396
8,13,13,37,45,37,1.088235294117647,70.47930931824948
8,16,10,34,57,34,1.0,40.51949595815502
9,18,7,46,70,34,1.0,25.598207617625096
6,20,8,23,44,26,0.7647058823529411,63.34721808985421
22,2,10,68,21,76,2.235294117647059,55.87928620371198
20,8,6,75,45,66,1.9411764705882353,57.24339476352359
18,6,10,55,32,64,1.8823529411764706,51.51127886587214
14,8,12,47,26,54,1.588235294117647,70.05446266480165
15,10,9,58,46,54,1.588235294117647,65.39961303765442
16,14,4,57,57,52,1.5294117647058822,50.42484442316898
15,13,6,57,40,51,1.5,43.802439750074385
13,11,10,54,56,49,1.4411764705882353,46.86837310713539
12,12,10,43,50,46,1.3529411764705883,53.65824665676078
12,14,8,39,44,44,1.2941176470588236,78.1865731522482
11,13,10,38,53,43,1.2647058823529411,38.18284491470011
10,13,11,48,54,41,1.2058823529411764,61.68649613325402
10,14,10,50,62,40,1.1764705882352942,62.91625674507348
9,16,9,35,56,36,1.0588235294117647,77.21835386538119
8,16,10,35,60,34,1.0,38.236080972622695
7,17,10,35,51,31,0.9117647058823529,70.49434649005042
8,20,6,30,52,30,0.8823529411764706,29.017207049243666
8,21,5,36,55,29,0.8529411764705882,66.37784725323806
21,7,6,80,41,69,2.0294117647058822,70.72982059444824
20,7,7,71,42,67,1.9705882352941178,55.89690107270561
19,8,7,63,43,64,1.8823529411764706,35.57226498647725
19,9,6,48,41,63,1.8529411764705883,80.69117166374468
19,11,4,49,47,61,1.7941176470588236,64.30527443743303
15,5,14,60,37,59,1.7352941176470589,65.7502965599051
15,9,10,63,49,55,1.6176470588235294,57.643796403971734
14,12,8,47,35,50,1.4705882352941178,59.09443417049454
14,13,7,59,46,49,1.4411764705882353,44.21090344539321
12,13,9,64,50,45,1.3235294117647058,53.35237075376287
10,14,10,49,69,40,1.1764705882352942,49.986610729268946
11,17,6,35,50,39,1.1470588235294117,88.84457408179058
8,17,9,39,60,33,0.9705882352941176,51.618195376584644
7,16,11,39,55,32,0.9411764705882353,62.82744406941665
8,19,7,39,62,31,0.9117647058823529,68.76188777936282
8,20,6,30,57,30,0.8823529411764706,73.28562909958258
8,21,5,30,54,29,0.8529411764705882,31.366598232616266
4,14,16,29,56,28,0.8235294117647058,39.79112116162818
20,4,10,72,31,70,2.0588235294117645,44.67198476009049
19,7,8,53,31,65,1.911764705882353,49.94946492271106
17,7,10,71,40,61,1.7941176470588236,33.571173742418836
15,5,14,65,38,59,1.7352941176470589,42.60939645394305
16,9,9,54,42,57,1.6764705882352942,55.623569964044805
15,9,10,51,41,55,1.6176470588235294,41.33265937202664
13,8,13,56,41,52,1.5294117647058822,63.38636634489334
14,12,8,64,58,50,1.4705882352941178,65.37786111855225
12,11,11,36,42,47,1.3823529411764706,62.37048571599688
12,12,10,47,54,46,1.3529411764705883,51.791414337281104
11,14,9,44,42,42,1.2352941176470589,64.13706868319986
10,15,9,43,60,39,1.1470588235294117,72.00380657824303
9,14,11,33,42,38,1.1176470588235294,76.55664585191792
9,17,8,35,59,35,1.0294117647058822,65.84053965706815
9,19,6,43,67,33,0.9705882352941176,61.51447256872956
8,19,7,32,58,31,0.9117647058823529,45.64829677189228
6,18,10,33,64,28,0.8235294117647058,58.76740511046841
5,20,9,34,56,24,0.7058823529411765,79.94945741043556
23,5,6,67,22,75,2.2058823529411766,48.97625627767377
20,6,8,64,44,68,2.0,38.51891474250394
19,7,8,81,40,65,1.911764705882353,38.88013321835321
19,12,3,49,45,60,1.7647058823529411,51.287181937641854
18,12,4,52,39,58,1.7058823529411764,53.640827257848535
13,13,8,47,45,47,1.3823529411764706,41.053947094355344
13,14,7,48,51,46,1.3529411764705883,53.37066936757127
12,13,9,46,52,45,1.3235294117647058,67.4638586471533
13,16,5,41,50,44,1.2941176470588236,55.065685602788285
13,16,5,47,62,44,1.2941176470588236,60.974374255065555
11,13,10,50,50,43,1.2647058823529411,56.43561407166901
12,16,6,60,59,42,1.2352941176470589,46.7500224342676
10,13,11,47,61,41,1.2058823529411764,38.244038770291965
11,16,7,38,44,40,1.1764705882352942,59.58457860131501
9,14,11,43,48,38,1.1176470588235294,76.8146120894812
10,18,6,48,65,36,1.0588235294117647,62.14082822544476
9,18,7,31,49,34,1.0,48.258513931888544
8,21,5,35,68,29,0.8529411764705882,9.53601335041869
25,3,6,80,25,81,2.3823529411764706,44.80459564842099
23,7,4,77,22,73,2.1470588235294117,37.850732027313114
20,10,4,74,44,64,1.8823529411764706,63.662894580107206
17,8,9,49,24,60,1.7647058823529411,60.08915304606241
15,10,9,52,44,54,1.588235294117647,25.454924501891174
15,11,8,63,46,53,1.5588235294117647,64.43094876603853
12,10,12,41,45,48,1.411764705882353,48.21981424148607
13,16,5,47,60,44,1.2941176470588236,63.16118656182987
11,14,9,49,58,42,1.2352941176470589,48.41253248110869
12,16,6,38,49,42,1.2352941176470589,48.68676027785231
10,13,11,41,47,41,1.2058823529411764,57.24154359218676
10,14,10,45,61,40,1.1764705882352942,49.89571539240808
9,13,12,47,51,39,1.1470588235294117,60.65875917833468
8,12,14,36,49,38,1.1176470588235294,39.91735291494486
8,14,12,35,57,36,1.0588235294117647,64.24397805866921
7,17,10,38,64,31,0.9117647058823529,49.49243898787243
8,20,6,39,75,30,0.8823529411764706,54.09170917986813
4,19,11,24,54,23,0.6764705882352942,41.46159804564142
29,1,4,98,18,91,2.676470588235294,50.52925784966698
19,6,9,81,42,66,1.9411764705882353,37.18366249365084
19,7,8,65,39,65,1.911764705882353,25.09368865623699
16,11,7,58,50,55,1.6176470588235294,66.27803224079472
14,11,9,45,40,51,1.5,47.114897673448716
14,11,9,49,46,51,1.5,42.941807135624515
14,14,6,42,53,48,1.411764705882353,51.62628312246359
12,11,11,45,49,47,1.3823529411764706,60.65022754989739
13,15,6,60,62,45,1.3235294117647058,57.86682556234173
11,12,11,39,47,44,1.2941176470588236,57.60192989248593
10,11,13,47,52,43,1.2647058823529411,85.33572603559143
12,15,7,37,55,43,1.2647058823529411,63.85276220021478
10,12,12,42,44,42,1.2352941176470589,68.87067938021454
8,16,10,50,66,34,1.0,59.95351054952914
8,17,9,33,51,33,0.9705882352941176,45.584206765126254
8,19,7,42,67,31,0.9117647058823529,59.61613086176531
7,18,9,39,57,30,0.8823529411764706,33.82011778002499
4,21,9,26,60,21,0.6176470588235294,43.443039488237225
29,2,3,94,23,90,2.6470588235294117,51.73397521618971
22,7,5,80,38,71,2.088235294117647,47.78084960908469
19,8,7,63,43,64,1.8823529411764706,60.10090455861719
19,11,4,60,41,61,1.7941176470588236,36.81003477692239
18,10,6,63,50,60,1.7647058823529411,72.50298685782556
16,11,7,59,43,55,1.6176470588235294,51.103641123274635
16,13,5,52,54,53,1.5588235294117647,58.43371702209929
15,12,7,47,47,52,1.5294117647058822,45.1340083382966
11,12,11,72,70,44,1.2941176470588236,53.756553860819835
12,16,6,46,59,42,1.2352941176470589,52.56555761304581
11,15,8,40,48,41,1.2058823529411764,64.99881150463513
10,15,9,42,66,39,1.1470588235294117,63.32905306536865
9,16,9,40,57,36,1.0588235294117647,38.67753353758292
9,16,9,43,61,36,1.0588235294117647,43.8169077083644
8,18,8,49,62,32,0.9411764705882353,47.59662663527729
7,21,6,51,75,27,0.7941176470588235,49.54327709839627
5,18,11,37,70,26,0.7647058823529411,58.96565078797629
6,21,7,29,60,25,0.7352941176470589,38.81373569198751
25,5,4,80,18,79,2.323529411764706,53.969912244045126
20,5,9,72,38,69,2.0294117647058822,75.54192597937525
19,6,9,53,26,66,1.9411764705882353,60.06185505694829
17,7,10,62,37,61,1.7941176470588236,48.0038221505569
15,15,4,43,43,49,1.4411764705882353,61.70269707692765
13,12,9,42,40,48,1.411764705882353,54.711137581893986
13,14,7,47,42,46,1.3529411764705883,50.65521647401421
12,14,8,49,55,44,1.2941176470588236,51.943494423791826
11,13,10,56,62,43,1.2647058823529411,50.88146981003062
11,13,10,50,65,43,1.2647058823529411,55.93588294771903
9,12,13,45,47,40,1.1764705882352942,54.34575544707704
9,12,13,34,40,40,1.1764705882352942,50.76259848372231
9,15,10,40,56,37,1.088235294117647,60.78623932386989
9,16,9,42,60,36,1.0588235294117647,46.350049222875214
9,17,8,36,52,35,1.0294117647058822,64.99895892203813
9,17,8,25,50,35,1.0294117647058822,55.50851247801067
7,14,13,36,47,34,1.0,50.3154761904762
7,17,10,31,65,31,0.9117647058823529,25.531408157189638
28,2,4,80,17,88,2.588235294117647,63.06306306306306
24,4,6,82,34,78,2.2941176470588234,49.28376129339039
18,10,6,56,40,60,1.7647058823529411,50.890008646650166
17,13,4,67,50,55,1.6176470588235294,73.60338105300754
15,12,7,51,49,52,1.5294117647058822,50.78459343794579
14,12,8,46,42,50,1.4705882352941178,56.73457249070631
14,12,8,42,42,50,1.4705882352941178,66.81865593801221
12,13,9,47,49,45,1.3235294117647058,61.58107947098773
10,11,13,38,42,43,1.2647058823529411,36.3092758969477
11,15,8,40,46,41,1.2058823529411764,49.293507422643536
10,14,10,33,42,40,1.1764705882352942,57.89442326024785
9,14,11,42,52,38,1.1176470588235294,64.91979882748564
10,16,8,50,65,38,1.1176470588235294,65.47102526002972
9,14,11,38,53,38,1.1176470588235294,38.47205301161858
9,15,10,39,54,37,1.088235294117647,46.21683589911562
9,16,9,34,52,36,1.0588235294117647,58.30873363747503
9,19,6,50,75,33,0.9705882352941176,49.97913188647746
7,23,4,31,62,25,0.7352941176470589,63.8689927779594
25,2,7,89,22,82,2.411764705882353,64.36487891843709
20,7,7,66,39,67,1.9705882352941178,54.59605882002738
18,6,10,72,40,64,1.8823529411764706,56.02619437416282
16,4,14,64,37,62,1.8235294117647058,28.738845925044615
12,9,13,51,42,49,1.4411764705882353,47.25408618127786
15,15,4,43,47,49,1.4411764705882353,66.85710884961019
14,14,6,42,60,48,1.411764705882353,24.060753774818693
13,15,6,61,64,45,1.3235294117647058,60.157808545481615
12,13,9,45,49,45,1.3235294117647058,56.13335317755619
11,13,10,45,40,43,1.2647058823529411,58.245854705952524
11,14,9,36,43,42,1.2352941176470589,81.84780009564801
11,15,8,53,55,41,1.2058823529411764,53.68468199462526
9,14,11,35,51,38,1.1176470588235294,75.92708240402058
10,16,8,33,61,38,1.1176470588235294,52.782764811490125
10,17,7,44,55,37,1.088235294117647,63.527728938820516
10,17,7,34,52,37,1.088235294117647,53.92521972292567
8,18,8,36,57,32,0.9411764705882353,80.13558112568013
7,23,4,28,63,25,0.7352941176470589,40.62229647086901
22,3,9,68,33,75,2.2058823529411766,56.33538708813287
21,3,10,61,27,73,2.1470588235294117,43.69365348567348
21,7,6,65,36,69,2.0294117647058822,51.621178225205064
16,10,8,51,31,56,1.6470588235294117,56.514488221805294
14,11,9,47,47,51,1.5,67.62902553723436
12,9,13,56,46,49,1.4411764705882353,50.50174195277373
10,10,14,38,34,44,1.2941176470588236,2.5908429152925097
10,10,14,44,42,44,1.2941176470588236,18.202957309802052
10,11,13,53,52,43,1.2647058823529411,28.754943649826043
11,13,10,49,53,43,1.2647058823529411,20.172557917363267
10,12,12,49,53,42,1.2352941176470589,21.243787053116954
11,18,5,49,59,38,1.1176470588235294,43.52779766165593
8,13,13,40,54,37,1.088235294117647,20.697514019252104
10,17,7,32,49,37,1.088235294117647,27.691713002884242
10,17,7,40,59,37,1.088235294117647,22.38066646652657
9,16,9,37,51,36,1.0588235294117647,22.33467681743544
8,14,12,35,51,36,1.0588235294117647,36.88084878106932
5,24,5,31,68,20,0.5882352941176471,48.10213528445573
20,3,11,64,23,71,2.088235294117647,38.8759897600762
19,2,13,58,24,70,2.0588235294117645,57.3705060614184
20,5,9,62,35,69,2.0294117647058822,60.693520975580675
14,7,13,47,33,55,1.6176470588235294,54.42495010574603
14,8,12,57,52,54,1.588235294117647,13.006640026439925
14,9,11,50,37,53,1.5588235294117647,44.214728312678744
15,12,7,40,40,52,1.5294117647058822,10.311063347065497
13,14,7,38,46,46,1.3529411764705883,35.241063134869506
12,13,9,41,50,45,1.3235294117647058,7.349354589257034
12,14,8,43,47,44,1.2941176470588236,59.53927762546192
10,11,13,37,39,43,1.2647058823529411,6.305931321540062
11,14,9,49,43,42,1.2352941176470589,6.99068108950349
9,12,13,43,52,40,1.1764705882352942,16.192612531778078
11,16,7,41,52,40,1.1764705882352942,46.80508322892429
11,17,6,41,53,39,1.1470588235294117,21.376302977808308
6,18,10,36,56,28,0.8235294117647058,37.20694688551938
5,22,7,29,63,22,0.6470588235294118,25.364527309668937
3,22,9,30,61,18,0.5294117647058824,38.07437868764527
21,4,9,64,29,72,2.1176470588235294,36.30870885171736
19,7,8,64,38,65,1.911764705882353,52.81462889924704
18,9,7,55,30,61,1.7941176470588236,53.90852390852391
15,4,15,57,32,60,1.7647058823529411,47.375
15,8,11,55,36,56,1.6470588235294117,48.80111994757692
16,10,8,38,35,56,1.6470588235294117,51.70459629552301
16,11,7,51,39,55,1.6176470588235294,15.952785477957615
13,11,10,55,46,49,1.4411764705882353,57.537973926563815
9,10,15,36,38,42,1.2352941176470589,50.642765532257584
10,12,12,40,48,42,1.2352941176470589,29.48695083526544
10,13,11,39,47,41,1.2058823529411764,9.949063179529952
9,14,11,30,48,38,1.1176470588235294,5.63795568263045
9,14,11,36,46,38,1.1176470588235294,15.755359319715756
8,12,14,35,47,38,1.1176470588235294,11.674915031900305
10,16,8,38,53,38,1.1176470588235294,38.70372025139249
8,20,6,44,62,30,0.8823529411764706,11.51531402693362
4,18,12,29,57,24,0.7058823529411765,27.996664582030434
4,21,9,23,58,21,0.6176470588235294,7.321726687336036
25,2,7,65,24,82,2.411764705882353,52.84204257853208
21,5,8,68,19,71,2.088235294117647,59.41830318562445
21,7,6,67,42,69,2.0294117647058822,34.76951517681436
17,9,8,59,37,59,1.7352941176470589,62.8042233357194
16,8,10,57,46,58,1.7058823529411764,27.05437661835174
16,10,8,52,38,56,1.6470588235294117,34.965868781113066
13,10,11,44,40,50,1.4705882352941178,52.06989247311829
11,10,13,40,42,46,1.3529411764705883,2.472290731881259
11,12,11,36,37,44,1.2941176470588236,9.12022934957893
11,15,8,43,56,41,1.2058823529411764,26.163762234423487
9,12,13,52,57,40,1.1764705882352942,22.26560171663587
10,15,9,45,53,39,1.1470588235294117,18.30750893921335
6,12,16,29,45,34,1.0,20.92759843810546
8,16,10,41,54,34,1.0,42.47329425417324
6,14,14,44,56,32,0.9411764705882353,56.79828479542613
6,16,12,27,46,30,0.8823529411764706,11.787696163255564
7,18,9,26,54,30,0.8823529411764706,18.4008598811692
2,25,7,21,70,13,0.38235294117647056,26.650315556486103
26,4,8,67,27,86,2.263157894736842,48.952183394500295
23,5,10,63,28,79,2.0789473684210527,61.545442412918725
18,2,18,65,37,72,1.894736842105263,69.71078235372518
17,10,11,56,40,62,1.631578947368421,41.098404255319146
17,11,10,42,29,61,1.605263157894737,5.3501893636315145
12,9,17,48,44,53,1.394736842105263,10.077333333333334
12,14,12,44,52,48,1.263157894736842,27.180321745858123
11,15,12,55,58,45,1.1842105263157894,33.0645591926096
11,15,12,49,60,45,1.1842105263157894,19.861641603675313
10,14,14,36,45,44,1.1578947368421053,21.009477158982005
10,14,14,66,73,44,1.1578947368421053,38.96416259119699
10,14,14,51,60,44,1.1578947368421053,21.673836945194132
11,16,11,48,53,44,1.1578947368421053,28.91540420967958
9,13,16,44,55,43,1.131578947368421,21.630949514407256
11,17,10,32,49,43,1.131578947368421,5.223402551646827
9,14,15,42,50,42,1.105263157894737,25.753600685334906
9,14,15,33,36,42,1.105263157894737,23.83738013195502
10,16,12,48,65,42,1.105263157894737,32.54415633220594
11,19,8,37,54,41,1.0789473684210527,29.97724534868157
8,19,11,34,45,35,0.9210526315789473,11.458638603969629
23,8,7,68,30,76,2.0,86.30909623007955
19,7,12,70,42,69,1.8157894736842106,50.45522308593334
28,6,4,85,31,58,1.5263157894736843,60.3218941207768
13,10,15,54,49,54,1.4210526315789473,5.660326958008334
13,12,13,50,52,52,1.368421052631579,17.958890249747057
12,13,13,37,44,49,1.2894736842105263,21.031374541953085
12,17,9,46,60,45,1.1842105263157894,32.566927457554954
13,19,6,47,61,45,1.1842105263157894,9.484224965706447
22,8,8,66,41,44,1.1578947368421053,34.28852703277991
9,13,16,43,53,43,1.131578947368421,7.346338856226617
11,17,10,40,54,43,1.131578947368421,46.77683289964321
11,19,8,39,65,41,1.0789473684210527,6.866563517046364
10,17,11,47,51,41,1.0789473684210527,4.148029818956337
8,15,15,42,55,39,1.0263157894736843,24.320346783688322
9,17,12,42,60,39,1.0263157894736843,19.267503143476283
16,8,14,57,47,32,0.8421052631578947,35.06819334347559
6,19,13,33,59,31,0.8157894736842105,23.440324259188255
7,23,8,30,57,29,0.7631578947368421,35.02966803870209
3,23,12,24,56,21,0.5526315789473685,27.621101967990203
27,1,10,71,24,0,0.0,51.80404810794954
30,1,7,80,34,97,2.5526315789473686,87.01987107772628
22,7,9,74,34,75,1.9736842105263157,44.47723103915783
18,9,11,59,33,62,1.631578947368421,31.017887222266783
19,7,12,57,36,61,1.605263157894737,51.102696071895245
16,12,10,58,51,58,1.5263157894736843,15.72178904050249
21,7,10,62,31,58,1.5263157894736843,38.25841349356497
14,12,12,42,43,54,1.4210526315789473,6.397207716082276
12,12,14,56,54,50,1.3157894736842106,19.441776070018143
13,15,10,44,48,49,1.2894736842105263,3.8993036957686127
12,16,10,49,55,46,1.2105263157894737,37.969331228088954
10,15,13,41,54,43,1.131578947368421,24.245416455392167
10,16,12,41,56,42,1.105263157894737,30.139619317120054
10,17,11,46,68,41,1.0789473684210527,18.617291884220954
12,11,15,52,50,40,1.0526315789473684,5.02574225731587
9,15,14,35,45,40,1.0526315789473684,28.948421698641834
10,18,10,27,47,40,1.0526315789473684,6.4879999999999995
9,16,13,35,46,40,1.0526315789473684,18.367292653082938
9,17,12,38,48,39,1.0263157894736843,12.262484611679067
5,21,12,36,67,27,0.7105263157894737,26.08974358974359
5,22,11,37,69,26,0.6842105263157895,21.38454116638079
25,3,10,69,26,85,2.236842105263158,93.53424071449582
24,4,10,72,37,82,2.1578947368421053,53.08925095330791
20,6,12,72,37,72,1.894736842105263,35.51857275995207
19,10,9,55,39,66,1.736842105263158,41.58597573951905
18,10,10,66,38,64,1.6842105263157894,43.66380916884085
17,12,9,56,46,60,1.5789473684210527,7.321495227430278
16,13,9,48,53,57,1.5,44.14816795934742
14,16,8,50,53,50,1.3157894736842106,40.97678142514011
12,14,12,52,56,48,1.263157894736842,23.361868949515962
13,16,9,44,52,48,1.263157894736842,42.99460095151548
12,15,11,47,57,47,1.236842105263158,18.234446697257496
11,14,13,47,51,46,1.2105263157894737,47.01460596008774
9,12,17,40,45,44,1.1578947368421053,30.204646459270297
11,18,9,40,56,42,1.105263157894737,15.089261923794298
8,14,16,36,49,40,1.0526315789473684,13.484856578174242
9,16,13,37,56,40,1.0526315789473684,25.420028223766543
8,17,13,33,45,37,0.9736842105263158,30.47324664250693
9,20,9,29,52,36,0.9473684210526315,2.8075507918733003
7,18,13,42,62,34,0.8947368421052632,20.09639844691391
6,20,12,35,60,30,0.7894736842105263,22.74858787168283
25,4,9,70,32,84,2.210526315789474,90.7484989993329
21,6,11,69,37,74,1.9473684210526316,37.577117218171615
22,8,8,70,35,74,1.9473684210526316,49.281494491457764
21,12,5,53,38,68,1.7894736842105263,46.18003830602256
19,8,11,56,39,68,1.7894736842105263,35.79583433598032
18,11,9,64,61,63,1.6578947368421053,56.570006955219085
16,12,10,61,50,58,1.5263157894736843,48.16185278849993
17,15,6,57,50,57,1.5,28.903236176596657
15,15,8,49,50,53,1.394736842105263,18.67763229087761
15,18,5,46,55,50,1.3157894736842106,61.28816997651079
13,17,8,45,48,47,1.236842105263158,25.79560017086715
12,16,10,43,45,46,1.2105263157894737,38.92449001388444
11,14,13,49,52,46,1.2105263157894737,17.795233657302624
12,18,8,33,44,44,1.1578947368421053,36.063742052196126
12,19,7,41,51,43,1.131578947368421,42.982736572890026
8,16,14,35,49,38,1.0,29.544969593513283
9,19,10,43,62,37,0.9736842105263158,22.12285432072399
8,20,10,37,61,34,0.8947368421052632,9.89824485840422
6,19,13,30,62,31,0.8157894736842105,34.23145941023649
5,18,15,37,67,30,0.7894736842105263,30.931716826448046
24,4,10,75,34,82,2.1578947368421053,88.65058565545276
24,6,8,68,41,80,2.1052631578947367,61.985808034999735
20,8,10,60,39,70,1.8421052631578947,43.43164968798336
19,9,10,49,41,67,1.763157894736842,16.803804231673432
18,9,11,59,47,65,1.7105263157894737,40.86699664697429
15,9,14,50,43,59,1.5526315789473684,40.11569014234686
16,15,7,55,56,55,1.4473684210526316,38.47998081994726
14,14,10,46,51,52,1.368421052631579,19.79647979487727
14,15,9,57,61,51,1.3421052631578947,28.787351863246037
13,14,11,49,49,50,1.3157894736842106,39.3801421838805
13,17,8,48,47,47,1.236842105263158,42.658143561060065
11,14,13,39,43,46,1.2105263157894737,53.225419344515856
10,13,15,44,45,45,1.1842105263157894,64.25119483085467
12,18,8,37,42,44,1.1578947368421053,34.09581700391906
11,16,11,54,59,44,1.1578947368421053,55.21174808773753
11,16,11,56,58,44,1.1578947368421053,15.851214493760521
10,16,12,42,55,42,1.105263157894737,27.420472105291203
9,21,8,37,53,35,0.9210526315789473,24.586136921926734
7,21,10,40,67,31,0.8157894736842105,40.12550066755674
7,23,8,27,61,29,0.7631578947368421,31.961492178098677
24,4,10,65,24,82,2.1578947368421053,50.231284559761804
23,8,7,69,42,76,2.0,82.69251279863481
21,10,7,59,39,70,1.8421052631578947,50.24642352878493
20,12,6,65,43,66,1.736842105263158,68.19663371627037
20,12,6,55,39,66,1.736842105263158,59.816949514355855
18,11,9,59,52,63,1.6578947368421053,59.389545770691775
15,10,13,57,47,58,1.5263157894736843,23.85905950761516
17,16,5,58,63,56,1.4736842105263157,43.18054555635549
12,11,15,49,44,51,1.3421052631578947,36.81896896230185
14,15,9,45,47,51,1.3421052631578947,42.88909599254427
11,14,13,38,40,46,1.2105263157894737,39.335482667661395
11,14,13,39,47,46,1.2105263157894737,20.18848279360333
12,16,10,40,52,46,1.2105263157894737,68.5216834009827
12,17,9,44,51,45,1.1842105263157894,12.194279030199914
11,17,10,38,50,43,1.131578947368421,42.405722063572554
11,15,12,35,52,42,1.105263157894737,40.26665247358757
11,19,8,46,66,41,1.0789473684210527,50.727928409242686
8,18,12,33,49,36,0.9473684210526315,22.32644903397735
7,20,11,34,52,32,0.8421052631578947,39.169881601702805
5,24,9,27,56,24,0.631578947368421,42.65149694201853
23,0,15,68,20,84,2.210526315789474,25.915770418485785
24,6,8,74,33,80,2.1052631578947367,48.0908509958462
18,10,10,52,35,64,1.6842105263157894,63.1084247523698
18,12,8,56,47,62,1.631578947368421,63.14945049068107
16,9,13,66,46,61,1.605263157894737,63.18537859007834
17,14,7,58,55,58,1.5263157894736843,83.3763538146305
16,14,8,60,54,56,1.4736842105263157,64.31982828011805
15,12,11,54,53,56,1.4736842105263157,18.07257742921707
13,13,12,41,43,51,1.3421052631578947,45.52348011174671
12,13,13,35,45,49,1.2894736842105263,52.14107133358158
11,12,15,47,52,48,1.263157894736842,55.07954302797352
13,12,13,41,43,46,1.2105263157894737,20.529094885060537
11,14,13,37,43,46,1.2105263157894737,41.176
11,16,11,45,45,44,1.1578947368421053,11.532633258008772
10,15,13,37,46,43,1.131578947368421,35.316657796700376
11,17,10,52,62,43,1.131578947368421,55.470156674101744
11,18,9,50,69,42,1.105263157894737,60.685089388619375
8,18,12,40,56,36,0.9473684210526315,50.22734567240826
7,20,11,35,65,32,0.8421052631578947,37.16703478006333
4,24,10,24,60,22,0.5789473684210527,40.014462090575535
27,5,6,71,24,87,2.289473684210526,33.81727292065518
23,6,9,73,36,78,2.0526315789473686,62.09023475925876
21,8,9,67,39,72,1.894736842105263,43.27844351330433
21,10,7,72,44,70,1.8421052631578947,69.9989339587442
18,8,12,59,45,66,1.736842105263158,64.26871339555532
18,12,8,71,56,62,1.631578947368421,64.88831709186466
18,13,7,51,42,61,1.605263157894737,60.67743142811314
15,12,11,50,46,56,1.4736842105263157,66.32929017056256
16,16,6,55,57,54,1.4210526315789473,82.2491201876933
13,15,10,45,46,49,1.2894736842105263,29.04504696272251
12,15,11,43,55,47,1.236842105263158,37.62710006303615
12,17,9,37,52,45,1.1842105263157894,49.08955382813332
11,16,11,46,52,44,1.1578947368421053,44.16422287390029
11,17,10,43,51,42,1.105263157894737,51.87366167023555
11,18,9,39,56,40,1.0526315789473684,24.795005091376815
8,14,16,46,55,39,1.0263157894736843,37.453353235952655
8,16,14,38,52,38,1.0,44.112244082958384
6,18,14,34,54,32,0.8421052631578947,70.0088162218482
9,20,9,36,57,30,0.7894736842105263,32.67764806226345
6,28,4,27,84,22,0.5789473684210527,33.65600598994545
33,2,3,80,23,102,2.6842105263157894,48.46184578505793
26,5,7,72,25,85,2.236842105263158,65.36043475944376
23,6,9,77,39,78,2.0526315789473686,82.42832782692103
19,11,8,65,44,65,1.7105263157894737,76.73044681587142
15,8,15,62,39,60,1.5789473684210527,92.13297432753059
15,10,13,58,46,58,1.5263157894736843,25.2751677852349
16,13,9,57,49,57,1.5,55.47848357922258
15,11,12,58,48,57,1.5,32.52374238514538
15,12,11,54,54,56,1.4736842105263157,72.99644584591539
16,16,6,62,68,54,1.4210526315789473,50.433160069305615
15,18,5,43,51,50,1.3157894736842106,37.62964938008266
12,17,9,48,62,45,1.1842105263157894,36.45727433249505
12,18,8,46,57,44,1.1578947368421053,74.91074758885277
11,16,11,41,50,44,1.1578947368421053,31.84902233144567
9,17,12,34,53,39,1.0263157894736843,40.6231659819666
10,22,6,34,54,36,0.9473684210526315,49.05117270788912
9,22,7,43,72,34,0.8947368421052632,14.434472289541667
8,22,8,34,66,32,0.8421052631578947,76.92287098760474
5,19,14,28,58,29,0.7631578947368421,51.83180460750854
6,25,7,39,77,25,0.6578947368421053,40.469223812310474
26,3,9,72,24,87,2.289473684210526,49.197775590027405
19,6,13,54,31,70,1.8421052631578947,66.4923840264625
21,11,6,71,38,69,1.8157894736842106,68.46081714668453
18,10,10,61,46,64,1.6842105263157894,86.69876057237087
18,11,9,70,54,63,1.6578947368421053,83.8451090574982
16,11,11,62,47,59,1.5526315789473684,63.39438274241777
13,8,17,48,42,56,1.4736842105263157,35.55561481639511
14,11,13,59,48,55,1.4473684210526316,83.16892396288792
14,12,12,48,45,54,1.4210526315789473,45.55718279856211
13,12,13,56,50,52,1.368421052631579,53.71781115879828
12,13,13,53,55,49,1.2894736842105263,54.68563073242058
12,13,13,49,57,49,1.2894736842105263,10.577282185349198
11,14,13,49,65,46,1.2105263157894737,68.26571222521969
10,15,13,28,41,43,1.131578947368421,61.21628458077056
8,12,18,46,52,42,1.105263157894737,32.188898359258474
10,17,11,43,56,41,1.0789473684210527,83.84660546541419
7,15,16,38,57,37,0.9736842105263158,44.10617956524061
8,20,10,48,68,34,0.8947368421052632,42.92306871532224
4,22,12,36,73,24,0.631578947368421,31.253997015561712
6,24,8,33,75,19,0.5,32.75000667931283
29,5,4,75,20,91,2.3947368421052633,56.875382853490294
25,6,7,80,32,82,2.1578947368421053,81.52651041528107
23,4,11,83,41,80,2.1052631578947367,81.95756914313094
20,11,7,50,38,67,1.763157894736842,90.48166978860048
18,10,10,60,42,64,1.6842105263157894,82.20742910398083
16,9,13,49,40,61,1.605263157894737,21.62227214377407
15,11,12,49,43,57,1.5,40.41196403319192
15,14,9,52,52,54,1.4210526315789473,73.42713246462547
13,14,11,43,45,50,1.3157894736842106,48.96682111093359
12,16,10,40,49,46,1.2105263157894737,48.73198077949813
13,18,7,45,48,46,1.2105263157894737,70.7676610369734
12,17,9,52,55,45,1.1842105263157894,36.263502367902944
11,15,12,41,47,45,1.1842105263157894,46.37867351854826
11,18,9,33,45,42,1.105263157894737,34.065112304035466
10,18,10,48,61,40,1.0526315789473684,54.830691931474995
10,19,9,38,65,39,1.0263157894736843,60.970340339272376
10,19,9,35,60,39,1.0263157894736843,90.5837991067847
9,18,11,37,57,38,1.0,32.29066666666667
8,23,7,35,76,31,0.8157894736842105,26.51588065447546
5,20,13,34,63,28,0.7368421052631579,49.48004384206165
29,5,4,77,27,91,2.3947368421052633,68.87228838792004
28,7,3,90,38,87,2.289473684210526,81.26661703711582
26,4,8,94,39,86,2.263157894736842,81.7798757233912
21,8,9,62,41,72,1.894736842105263,51.11028176898675
21,10,7,74,51,70,1.8421052631578947,75.54921616721766
18,11,9,57,45,63,1.6578947368421053,46.27499132477378
19,14,5,72,49,62,1.631578947368421,71.60943692315877
16,10,12,63,57,60,1.5789473684210527,80.27421376937235
13,11,14,71,66,53,1.394736842105263,42.86666133631833
12,14,12,49,55,48,1.263157894736842,70.24343369634849
14,19,5,55,76,47,1.236842105263158,40.88263562580094
13,18,7,58,63,46,1.2105263157894737,14.665848190455854
12,17,9,47,56,45,1.1842105263157894,95.16833581930536
12,19,7,43,61,43,1.131578947368421,48.32668262835861
11,19,8,40,58,41,1.0789473684210527,56.3156203128348
9,20,9,38,64,36,0.9473684210526315,69.66367055183635
9,22,7,34,58,34,0.8947368421052632,20.294908306938865
8,22,8,29,61,32,0.8421052631578947,44.86088205564718
6,24,8,33,77,26,0.6842105263157895,70.39767887563883
3,26,9,37,81,18,0.47368421052631576,43.08213875764128
24,6,8,81,40,80,2.1052631578947367,39.0194348651322
22,9,7,73,44,73,1.9210526315789473,43.29655406552368
20,7,11,61,43,71,1.868421052631579,32.161085087044675
17,9,12,80,57,63,1.6578947368421053,53.85068236553386
18,11,9,55,34,63,1.6578947368421053,55.58520911612881
16,11,11,51,49,59,1.5526315789473684,75.7822764445636
16,13,9,58,52,57,1.5,25.580081229030547
16,14,8,60,61,56,1.4736842105263157,31.491992702209608
14,16,8,46,44,50,1.3157894736842106,32.29902227050516
14,17,7,58,59,49,1.2894736842105263,57.295145475433486
13,18,7,42,62,46,1.2105263157894737,43.58794428265675
11,17,10,44,60,43,1.131578947368421,0.0
11,17,10,52,68,43,1.131578947368421,28.40960944839619
10,15,13,56,68,43,1.131578947368421,25.891232202119685
10,16,12,43,54,42,1.105263157894737,22.073721632674882
9,14,15,42,50,42,1.105263157894737,29.432567111396878
9,14,15,54,57,42,1.105263157894737,35.809135676685344
11,19,8,51,67,41,1.0789473684210527,45.03589798542649
10,19,9,48,62,39,1.0263157894736843,48.668289413341796
10,19,9,40,64,39,1.0263157894736843,27.079849155599277
21,5,12,51,27,75,1.9736842105263157,42.833471416735705
20,10,8,65,41,68,1.7894736842105263,34.649415915956055
19,10,9,69,44,66,1.736842105263158,38.001864926069004
18,10,10,65,37,64,1.6842105263157894,66.15503917426531
16,10,12,64,46,60,1.5789473684210527,77.05822757811667
15,9,14,42,34,59,1.5526315789473684,30.55199658338672
17,18,3,41,44,54,1.4210526315789473,44.04752348077386
14,13,11,54,66,53,1.394736842105263,0.0
14,13,11,51,40,53,1.394736842105263,19.15200384481884
13,11,14,44,44,53,1.394736842105263,43.6793917652728
13,15,10,46,52,49,1.2894736842105263,25.81643083875827
13,16,9,45,58,48,1.263157894736842,17.591209729037764
13,17,8,48,54,47,1.236842105263158,42.22168918738839
13,17,8,47,56,47,1.236842105263158,24.640316628336098
11,17,10,46,55,43,1.131578947368421,27.027460198739185
11,17,10,40,52,43,1.131578947368421,27.23238156346915
10,16,12,36,49,42,1.105263157894737,26.978532521627685
9,16,13,40,50,40,1.0526315789473684,26.888532477947074
10,20,8,32,58,38,1.0,45.42212927960535
9,19,10,35,54,37,0.9736842105263158,35.70228987284408
22,4,12,86,42,78,2.0526315789473686,48.420911886615855
22,6,10,71,45,76,2.0,46.92064167708638
22,10,6,67,47,72,1.894736842105263,35.56782124096739
17,11,10,45,36,61,1.605263157894737,71.13468338154935
17,12,9,56,35,60,1.5789473684210527,46.128244356765165
15,12,11,63,47,56,1.4736842105263157,59.436935733746466
15,13,10,63,61,55,1.4473684210526316,0.0
14,12,12,56,53,54,1.4210526315789473,21.872913272256202
14,14,10,49,56,52,1.368421052631579,42.48687928946306
13,14,11,38,39,50,1.3157894736842106,15.480645851154835
12,15,11,40,48,47,1.236842105263158,30.68045842529316
12,15,11,51,56,47,1.236842105263158,40.5787420509806
11,14,13,44,49,46,1.2105263157894737,30.624666310731445
12,16,10,37,40,46,1.2105263157894737,25.811068702290076
11,15,12,44,53,45,1.1842105263157894,24.704059001149027
13,20,5,54,64,44,1.1578947368421053,36.16355565063914
10,15,13,48,54,43,1.131578947368421,34.57640750670241
8,18,12,35,61,36,0.9473684210526315,5.357574455514676
8,19,11,38,68,35,0.9210526315789473,37.3666051512477
7,20,11,31,62,32,0.8421052631578947,29.736518625407516
23,7,8,71,27,77,2.026315789473684,30.117021276595747
21,8,9,63,39,72,1.894736842105263,56.41211340897508
21,9,8,60,34,71,1.868421052631579,32.56174489468619
21,10,7,72,54,70,1.8421052631578947,43.583709923255874
15,12,11,53,49,56,1.4736842105263157,0.0
15,13,10,56,45,55,1.4473684210526316,23.25320812101486
15,13,10,51,53,55,1.4473684210526316,44.506507737124835
15,14,9,47,49,54,1.4210526315789473,36.67005238960761
13,12,13,46,43,52,1.368421052631579,23.93795639891264
15,17,6,50,55,51,1.3421052631578947,36.92525284871774
15,17,6,54,66,51,1.3421052631578947,43.332798888354446
13,16,9,46,55,48,1.263157894736842,48.36120401337793
11,12,15,38,37,48,1.263157894736842,37.86296246827835
13,17,8,40,48,47,1.236842105263158,31.130968258202184
11,14,13,49,53,46,1.2105263157894737,48.15770571177738
11,17,10,48,63,43,1.131578947368421,38.36407377706495
13,21,4,48,64,43,1.131578947368421,57.12215543151567
10,17,11,46,56,41,1.0789473684210527,36.40137111027797
9,17,12,48,68,39,1.0263157894736843,64.32219934212286
5,22,11,29,57,26,0.6842105263157895,34.13790329069112
25,4,9,73,29,84,2.210526315789474,58.54457343700075
25,8,5,71,32,80,2.1052631578947367,52.75471095496647
18,9,11,69,37,65,1.7105263157894737,48.2749440954105
16,8,14,62,50,62,1.631578947368421,32.28794106656702
17,11,10,54,46,61,1.605263157894737,35.051463059761815
17,12,9,44,41,60,1.5789473684210527,28.801554969779268
14,8,16,54,39,58,1.5263157894736843,42.98816252532793
12,11,15,46,50,51,1.3421052631578947,32.024853996106565
14,15,9,59,54,51,1.3421052631578947,0.0
14,16,8,52,57,50,1.3157894736842106,43.831125563048055
13,14,11,40,34,50,1.3157894736842106,40.383586561095655
14,17,7,38,48,49,1.2894736842105263,32.6398890489145
12,15,11,38,46,47,1.236842105263158,7.1858225662881345
13,17,8,47,56,47,1.236842105263158,34.12127988074323
12,16,10,46,65,46,1.2105263157894737,37.46957986788971
12,17,9,41,56,45,1.1842105263157894,45.407986342660514
10,19,9,42,63,39,1.0263157894736843,28.337249038872276
9,19,10,39,58,37,0.9736842105263158,27.47405213586275
6,21,11,30,61,29,0.7631578947368421,21.557111057473115
6,22,10,33,56,28,0.7368421052631579,22.79261881772342
25,6,7,80,35,82,2.1578947368421053,63.640256959314776
20,8,10,70,40,70,1.8421052631578947,52.88584865327063
19,7,12,58,33,69,1.8157894736842106,39.209564219571426
21,12,5,49,43,68,1.7894736842105263,27.857734105898373
20,10,8,54,39,68,1.7894736842105263,46.55833534443462
20,14,4,45,33,64,1.6842105263157894,43.381490564026016
14,9,15,50,39,57,1.5,54.9679658302189
15,13,10,47,45,55,1.4473684210526316,23.38458258946415
15,14,9,54,49,54,1.4210526315789473,20.23558883884551
13,12,13,45,37,52,1.368421052631579,49.31239819487836
10,12,16,46,51,46,1.2105263157894737,50.04803843074459
11,15,12,40,46,45,1.1842105263157894,2.9535864978902953
10,15,13,37,51,43,1.131578947368421,52.71100427350427
10,16,12,34,51,42,1.105263157894737,21.38065585161825
10,17,11,36,56,41,1.0789473684210527,31.415041335580707
11,20,7,48,65,40,1.0526315789473684,19.118667591950032
9,16,13,36,49,40,1.0526315789473684,24.89088815701395
9,17,12,35,54,39,1.0263157894736843,45.29236340398338
8,18,12,36,52,36,0.9473684210526315,38.88740945888368
5,24,9,36,68,24,0.631578947368421,23.45900498045306
23,8,7,66,40,76,2.0,52.227227894329964
22,6,10,78,33,76,2.0,63.95939086294417
21,9,8,64,35,71,1.868421052631579,59.73691965601308
20,12,6,57,42,66,1.736842105263158,26.06995554127163
18,12,8,48,44,62,1.631578947368421,56.59211927582535
16,10,12,55,43,60,1.5789473684210527,43.63252319456699
17,12,9,46,39,60,1.5789473684210527,61.26657241176942
15,14,9,54,52,54,1.4210526315789473,21.37554875615272
14,14,10,39,33,52,1.368421052631579,26.55261682991273
12,12,14,42,48,50,1.3157894736842106,29.034151547491994
12,13,13,46,53,49,1.2894736842105263,25.062081119329253
14,17,7,41,47,49,1.2894736842105263,50.36488574015874
12,15,11,32,45,47,1.236842105263158,35.831663326653306
13,18,7,51,49,46,1.2105263157894737,19.809037474400913
10,16,12,37,53,42,1.105263157894737,54.459095801937565
8,14,16,36,49,40,1.0526315789473684,33.213179536473355
10,18,10,44,62,40,1.0526315789473684,4.754264933953687
10,19,9,40,59,39,1.0263157894736843,66.46644241550537
8,19,11,32,47,35,0.9210526315789473,25.649229456620276
7,24,7,34,69,28,0.7368421052631579,26.41322402614799
27,7,4,84,36,85,2.236842105263158,63.119619271696706
24,9,5,63,40,77,2.026315789473684,52.31728105689325
19,9,10,76,43,67,1.763157894736842,63.18829008649368
19,12,7,66,47,64,1.6842105263157894,60.17850462294907
20,14,4,75,49,64,1.6842105263157894,72.82459953312404
17,12,9,42,41,60,1.5789473684210527,27.578181429068245
15,9,14,69,54,59,1.5526315789473684,44.94182765940296
14,14,10,41,45,52,1.368421052631579,20.119073160266037
15,16,7,46,47,52,1.368421052631579,43.83743816160434
15,17,6,48,62,51,1.3421052631578947,31.1179295624333
13,14,11,40,43,50,1.3157894736842106,7.928552386030392
13,16,9,43,52,48,1.263157894736842,29.91523616590255
12,15,11,45,51,47,1.236842105263158,41.664667146551494
12,15,11,44,48,47,1.236842105263158,39.86557052191843
11,15,12,42,57,45,1.1842105263157894,7.243084324468796
11,16,11,40,60,44,1.1578947368421053,44.45990420892088
12,19,7,37,44,43,1.131578947368421,24.674038178362025
10,16,12,50,61,42,1.105263157894737,43.61438065497638
7,22,9,36,65,30,0.7894736842105263,32.02975047984645
7,26,5,33,75,26,0.6842105263157895,42.473118279569896
27,5,6,105,35,87,2.289473684210526,57.20795139629077
25,10,3,83,52,78,2.0526315789473686,65.1948468487732
21,10,7,54,39,70,1.8421052631578947,67.5147137506688
20,11,7,80,57,67,1.763157894736842,76.52529463641466
18,9,11,61,54,65,1.7105263157894737,46.779227014483475
18,12,8,68,54,62,1.631578947368421,28.13058437575014
16,12,10,48,47,58,1.5263157894736843,34.40192025603414
15,13,10,55,59,55,1.4473684210526316,37.887286324786324
14,15,9,53,60,51,1.3421052631578947,38.65821503715343
12,15,11,46,49,47,1.236842105263158,39.318910256410255
13,18,7,45,61,46,1.2105263157894737,37.946788497715666
12,16,10,49,48,46,1.2105263157894737,30.027039327497125
12,18,8,47,62,44,1.1578947368421053,6.638981915606163
14,23,1,47,79,43,1.131578947368421,6.248665955176095
12,19,7,46,58,43,1.131578947368421,20.52517465670923
10,15,13,41,47,43,1.131578947368421,33.47815592565774
10,16,12,50,56,42,1.105263157894737,45.22904848549717
10,16,12,51,58,42,1.105263157894737,41.45246619996794
10,23,5,38,69,35,0.9210526315789473,0.38439977576679746
8,21,9,34,57,33,0.868421052631579,24.426281880624035
31,1,6,98,24,99,2.6052631578947367,49.75172192855999
31,4,3,102,35,96,2.526315789473684,49.39608052259699
21,9,8,59,40,71,1.868421052631579,23.95225534862654
19,13,6,65,49,63,1.6578947368421053,61.35566913752041
18,12,8,59,44,62,1.631578947368421,38.45577211394303
17,14,7,58,48,58,1.5263157894736843,28.265169740711038
16,14,8,58,57,56,1.4736842105263157,37.296425692018275
15,14,9,50,53,54,1.4210526315789473,7.915751112063883
13,17,8,57,61,47,1.236842105263158,51.71107732522472
13,17,8,35,49,47,1.236842105263158,25.71451573947347
11,16,11,29,46,44,1.1578947368421053,38.82054025140412
11,17,10,37,46,43,1.131578947368421,22.22459607424222
10,16,12,43,55,42,1.105263157894737,60.45107156218267
10,17,11,46,64,41,1.0789473684210527,49.88909970337511
9,16,13,36,51,40,1.0526315789473684,13.548507661914677
9,17,12,42,59,39,1.0263157894736843,32.55100680090679
7,15,16,42,48,37,0.9736842105263158,52.05655183472753
9,20,9,40,74,36,0.9473684210526315,14.899514899514898
7,16,15,37,62,36,0.9473684210526315,30.473755047106327
8,20,10,38,66,34,0.8947368421052632,30.767373222430912
30,2,6,95,21,96,2.526315789473684,40.77620833665842
29,4,5,102,33,92,2.4210526315789473,65.0706709060304
21,9,8,64,44,71,1.868421052631579,43.93140900457452
18,12,8,54,44,62,1.631578947368421,30.271280051981808
17,14,7,62,61,58,1.5263157894736843,59.1577094390953
18,16,4,59,55,58,1.5263157894736843,3.712619697212861
17,14,7,62,53,58,1.5263157894736843,53.89065124090315
15,19,4,46,55,49,1.2894736842105263,25.875390432352457
13,17,8,45,46,47,1.236842105263158,24.19393615600374
11,13,14,35,42,47,1.236842105263158,17.91770140724719
13,18,7,54,68,46,1.2105263157894737,63.21485013259047
12,16,10,41,56,46,1.2105263157894737,40.80248733549546
12,17,9,40,53,45,1.1842105263157894,63.59357030142555
14,21,3,49,66,45,1.1842105263157894,21.32546455060212
12,17,9,41,52,45,1.1842105263157894,20.227175767918087
12,18,8,49,60,44,1.1578947368421053,27.706955408576917
12,18,8,41,56,44,1.1578947368421053,61.48502994011976
10,15,13,31,47,43,1.131578947368421,25.338217207635953
9,21,8,36,60,35,0.9210526315789473,45.128943648825235
6,20,12,36,70,30,0.7894736842105263,68.31988925272209
32,2,4,121,32,100,2.6315789473684212,63.202134756504336
28,3,7,114,29,91,2.3947368421052633,41.9524292037758
17,11,10,59,44,61,1.605263157894737,49.30781108567169
17,14,7,54,53,58,1.5263157894736843,58.6832901727314
15,12,11,53,46,56,1.4736842105263157,64.44965745208327
16,15,7,54,50,55,1.4473684210526316,35.35361601320238
13,10,15,44,61,54,1.4210526315789473,25.1663415546589
14,14,10,42,46,52,1.368421052631579,49.31342487668311
13,14,11,48,47,50,1.3157894736842106,46.30473601449855
12,13,13,49,52,49,1.2894736842105263,6.23764492172891
12,15,11,40,51,47,1.236842105263158,31.29213483146067
12,15,11,46,52,47,1.236842105263158,34.866341672470135
13,17,8,47,56,47,1.236842105263158,24.685958127750364
12,16,10,46,56,46,1.2105263157894737,42.11312301661378
13,21,4,53,73,43,1.131578947368421,11.066762459753598
12,19,7,36,61,43,1.131578947368421,51.65677943455721
12,20,6,35,56,42,1.105263157894737,47.23429211206781
9,15,14,39,53,41,1.0789473684210527,38.59251758686847
10,21,7,42,69,37,0.9736842105263158,27.681900500692446
4,19,15,28,63,27,0.7105263157894737,28.561860365428927
32,2,4,115,40,100,2.6315789473684212,31.289144745609125
26,5,7,103,42,85,2.236842105263158,63.47933044547837
23,8,7,65,31,76,2.0,57.06710014390023
18,8,12,70,49,66,1.736842105263158,28.625375634922744
19,11,8,67,54,65,1.7105263157894737,68.82925785221254
16,13,9,53,50,57,1.5,60.06243996157541
16,14,8,57,56,56,1.4736842105263157,19.314441679377055
16,17,5,50,66,53,1.394736842105263,24.131597859937713
14,16,8,58,54,50,1.3157894736842106,48.33355713710219
13,17,8,43,57,47,1.236842105263158,15.022997111990588
12,16,10,40,57,46,1.2105263157894737,40.73015703450486
12,17,9,44,65,45,1.1842105263157894,5.644621684554238
11,16,11,43,52,44,1.1578947368421053,46.35943716124209
11,17,10,49,58,43,1.131578947368421,32.48841791362692
11,18,9,37,54,42,1.105263157894737,52.93426916815671
10,19,9,33,50,39,1.0263157894736843,18.786614236417623
10,21,7,37,52,37,0.9736842105263158,36.51837007348029
9,20,9,43,72,36,0.9473684210526315,54.34543749162535
8,19,11,47,70,35,0.9210526315789473,43.67091986546367
9,22,7,37,62,34,0.8947368421052632,30.288461538461537
28,4,6,77,26,90,2.3684210526315788,50.05318017443096
27,5,6,100,33,87,2.289473684210526,38.91400308461416
27,5,6,104,38,87,2.289473684210526,54.40906062624917
20,8,10,66,39,70,1.8421052631578947,7.836773781655672
18,11,9,69,52,63,1.6578947368421053,60.086259684246954
17,13,8,60,44,59,1.5526315789473684,37.3936014088641
16,11,11,62,55,59,1.5526315789473684,30.20836105271561
13,15,10,51,53,49,1.2894736842105263,61.01911506309568
14,17,7,49,54,49,1.2894736842105263,36.38496400959744
12,14,12,35,43,48,1.263157894736842,51.60187953865869
12,17,9,39,46,45,1.1842105263157894,63.62253069941271
13,21,4,46,80,43,1.131578947368421,23.700584669849274
11,18,9,35,54,42,1.105263157894737,17.00711191914871
11,18,9,41,51,42,1.105263157894737,40.676699754509556
12,21,5,32,56,41,1.0789473684210527,66.74515680188377
9,16,13,30,50,40,1.0526315789473684,20.224539321048564
11,20,7,43,71,40,1.0526315789473684,30.0789164978138
10,19,9,32,62,39,1.0263157894736843,25.149876886842947
7,16,15,38,60,36,0.9473684210526315,38.10119840213049
6,25,7,36,78,25,0.6578947368421053,30.357909422622882
30,4,4,110,21,94,2.473684210526316,60.19668461169447
30,6,2,118,38,92,2.4210526315789473,64.71715692799148
23,6,9,67,29,78,2.0526315789473686,54.89208633093525
22,5,11,70,32,77,2.026315789473684,52.331191853490786
23,8,7,71,45,76,2.0,56.7487763353905
16,10,12,48,37,60,1.5789473684210527,39.26213798977854
15,13,10,42,41,55,1.4473684210526316,7.876110904156245
13,13,12,47,44,51,1.3421052631578947,48.342460264458396
14,16,8,42,48,50,1.3157894736842106,53.46172338265933
13,15,10,47,51,49,1.2894736842105263,20.355847204438753
15,19,4,46,68,49,1.2894736842105263,46.112414675767916
11,14,13,44,51,46,1.2105263157894737,17.715152482835702
11,19,8,35,62,41,1.0789473684210527,48.394752279878404
9,19,10,34,67,37,0.9736842105263158,30.47911383958361
10,21,7,33,64,37,0.9736842105263158,33.315557925609916
7,17,14,35,60,35,0.9210526315789473,39.86295526049165
7,17,14,29,64,35,0.9210526315789473,53.36888414878016
9,21,8,34,55,35,0.9210526315789473,7.092840597459996
8,22,8,35,64,32,0.8421052631578947,46.182012561806765
3,24,11,22,68,20,0.5263157894736842,47.94175900647717
29,5,4,112,29,91,2.3947368421052633,61.34967693903055
28,4,6,110,34,90,2.3684210526315788,74.61808697503592
28,6,4,63,18,88,2.3157894736842106,61.23673404085116
18,10,10,44,35,64,1.6842105263157894,35.757511130068515
18,12,8,58,45,62,1.631578947368421,5.916938371906569
17,12,9,51,59,60,1.5789473684210527,46.55707030205827
14,14,10,51,50,52,1.368421052631579,65.0644626330712
12,14,12,38,35,48,1.263157894736842,68.16353708882674
13,16,9,45,48,48,1.263157894736842,30.57102507394282
11,15,12,34,52,45,1.1842105263157894,41.125541125541126
12,18,8,45,53,44,1.1578947368421053,21.37155975547903
11,16,11,46,48,44,1.1578947368421053,57.37604352812525
12,19,7,40,74,43,1.131578947368421,30.304402247729634
11,17,10,49,61,43,1.131578947368421,26.270848296225363
8,12,18,45,61,42,1.105263157894737,36.81883556171097
10,19,9,46,69,39,1.0263157894736843,53.907521545398765
10,19,9,40,62,39,1.0263157894736843,23.585886870949675
9,18,11,52,73,38,1.0,24.43080897787825
9,20,9,37,67,36,0.9473684210526315,35.52291327877156
8,22,8,37,70,32,0.8421052631578947,36.85740963051887
29,3,6,106,41,93,2.4473684210526314,64.79514415781486
28,4,6,116,37,90,2.3684210526315788,65.08194104501437
23,6,9,70,27,78,2.0526315789473686,66.00122441374538
21,8,9,69,49,72,1.894736842105263,69.13781144960785
19,9,10,56,33,67,1.763157894736842,34.47696737044146
19,12,7,59,53,64,1.6842105263157894,21.807942777837088
19,13,6,53,43,63,1.6578947368421053,7.637963209810718
15,12,11,49,50,56,1.4736842105263157,31.689092166143702
14,11,13,41,43,55,1.4473684210526316,34.571550300900036
15,14,9,56,51,54,1.4210526315789473,22.810634253433644
12,16,10,49,55,46,1.2105263157894737,44.62288271013104
13,18,7,56,65,46,1.2105263157894737,53.58411926580994
13,19,6,53,69,45,1.1842105263157894,54.37004616903739
10,19,9,53,74,39,1.0263157894736843,29.902104617354425
10,19,9,41,64,39,1.0263157894736843,51.75476025388021
8,18,12,43,61,36,0.9473684210526315,61.553429112135824
8,19,11,36,55,35,0.9210526315789473,35.30555703553732
7,21,10,42,72,31,0.8157894736842105,25.226401022799916
4,24,10,40,94,22,0.5789473684210527,22.9211627101484
4,26,8,30,82,20,0.5263157894736842,77.64392324093816
